"species";"1";"2";"3";"4";"5";"14";"15";"16";"17";"18";"28";"29";"30";"31";"32";"33";"43";"44";"45";"46";"57";"58";"59";"60";"71";"72";"73";"74";"75";"84";"85";"87";"88";"89";"99";"100";"101";"102";"103";"113";"114";"115";"116";"117";"125";"126";"127";"129";"130";"138";"139";"140";"150";"151";"152";"163"
"Alepis_flavida";1;1;0;0;0;0;44;6;0;0;2;2;8;0;1;0;0;2;61;3;0;8;19;0;1;1;0;0;0;0;0;0;0;0;0;2;5;3;0;0;0;0;0;0;0;0;0;0;0;0;0;0;0;0;0;0
"Androstoma_empetrifolia";1;3;3;20;25;0;19;0;1;0;0;2;0;0;0;0;0;1;6;0;1;20;5;0;7;5;1;30;1;0;0;0;1;0;0;0;25;5;0;0;4;2;0;0;0;0;0;0;0;0;0;0;0;0;0;0
"Aristotelia_serrata";1;18;10;18;120;2;22;12;0;8;5;30;0;14;0;20;5;12;97;103;21;61;8;5;81;51;21;111;5;0;2;3;10;0;20;10;22;22;5;29;57;14;1;0;0;28;18;0;0;3;6;2;0;4;0;0
"Ascarina_lucida";3;0;0;0;0;2;0;0;0;0;7;21;0;0;0;0;17;19;0;0;14;19;0;0;23;24;2;37;1;0;11;0;0;0;1;0;0;0;0;0;2;1;0;0;0;3;1;0;0;0;6;0;0;2;0;0
"Astelia_nervosa";7;3;4;39;25;1;17;12;0;1;0;18;0;1;0;0;0;6;71;3;5;59;32;0;18;26;1;24;5;0;0;0;7;0;5;0;11;0;0;1;1;0;1;0;0;0;1;0;0;0;0;0;0;1;0;0
"Astelia_nivicola";5;1;0;0;0;2;7;7;0;0;0;0;1;1;0;0;1;0;1;0;2;4;2;0;1;2;0;0;0;0;0;0;0;0;0;0;0;0;0;0;0;0;0;0;0;0;0;0;0;0;0;0;0;0;0;0
"Carpodetus_serratus";2;12;12;16;66;0;20;14;1;6;2;52;0;2;0;21;20;13;85;56;23;44;16;4;143;45;22;134;7;0;2;3;15;0;48;23;46;30;3;48;18;42;7;0;0;208;12;0;0;7;30;1;1;4;0;1
"Coprosma_cheesemanii";3;2;0;16;6;1;17;7;5;0;0;0;4;0;0;0;0;2;8;0;1;9;10;0;3;6;0;1;0;0;0;0;0;0;0;0;22;3;0;0;0;0;0;0;0;0;0;0;0;0;0;0;0;0;0;0
"Coprosma_colensoi";2;1;2;2;0;0;12;1;0;0;0;20;0;0;0;0;2;3;4;1;2;15;1;0;47;4;1;21;8;0;1;0;0;0;2;0;4;12;0;15;0;0;1;0;0;0;3;0;0;0;0;0;0;0;0;0
"Coprosma_cuneata";5;1;4;0;0;1;14;0;0;0;0;13;1;0;0;0;1;0;0;0;0;0;0;0;0;0;0;0;0;0;0;0;0;0;0;0;0;0;0;0;0;0;0;0;0;0;0;0;0;0;0;0;0;0;0;0
"Coprosma_foetidissima";1;8;11;17;69;1;19;0;0;0;1;50;0;0;0;0;8;10;68;2;7;91;13;0;136;17;5;58;9;0;2;1;6;0;1;4;53;13;0;19;5;1;1;0;0;0;4;0;0;0;2;0;0;0;0;0
"Coprosma_fowerakeri";1;2;0;0;0;0;5;2;1;0;0;2;5;0;0;0;3;0;17;0;0;4;13;2;1;13;0;0;0;0;0;0;0;0;0;0;1;0;0;0;0;0;0;0;0;0;0;0;0;0;0;0;0;0;0;0
"Coprosma_perpusilla";4;1;0;6;0;2;6;8;2;0;0;2;12;2;0;0;15;4;19;0;1;10;8;2;1;5;2;7;3;0;0;0;8;0;2;0;15;0;0;0;0;0;0;0;0;0;0;0;0;0;0;0;0;0;0;0
"Coprosma_propinqua";4;21;12;30;58;1;29;93;19;16;13;30;24;28;5;50;13;13;112;186;17;22;25;4;78;14;5;112;9;0;9;23;5;2;6;2;20;6;0;5;9;0;0;0;0;6;2;0;0;4;0;0;0;7;0;0
"Coprosma_pseudocuneata";8;4;0;1;8;0;14;1;0;0;1;13;2;0;0;0;1;6;28;0;3;29;7;0;19;10;2;8;3;0;0;0;4;0;16;0;27;0;0;0;0;0;0;0;0;0;0;0;0;0;0;0;0;0;0;0
"Coprosma_rhamnoides";1;4;5;16;78;1;13;3;0;5;3;49;1;8;0;37;4;17;50;78;15;27;22;5;93;21;15;138;12;0;6;3;15;6;12;9;14;32;4;37;10;15;9;0;2;146;15;0;0;11;32;2;15;19;5;13
"Coprosma_rigida";1;3;4;3;13;0;1;4;0;0;0;3;1;5;0;12;0;0;15;21;0;3;2;0;1;2;0;10;5;0;0;1;7;3;0;0;9;2;0;5;2;0;1;0;0;0;1;0;0;0;1;0;1;3;0;0
"Coprosma_rotundifolia";2;11;12;26;80;1;7;2;0;8;2;32;1;9;0;44;3;3;28;94;10;15;5;2;21;14;8;52;7;0;0;3;6;3;1;4;3;4;0;26;10;4;0;0;0;6;1;0;0;0;1;0;0;2;0;0
"Coprosma_rugosa";1;6;0;1;61;2;12;19;5;3;4;15;7;8;0;2;6;8;56;6;3;9;8;0;54;5;0;1;0;0;0;0;7;0;0;1;12;11;0;0;1;0;0;0;0;0;0;0;0;0;0;0;0;0;0;0
"Coprosma_serrulata";8;0;0;0;0;0;20;0;0;0;1;2;2;1;0;0;5;3;73;0;2;13;3;0;7;2;0;0;0;0;0;0;0;0;0;0;0;0;0;0;0;0;0;0;0;0;0;0;0;0;0;0;0;0;0;0
"Dacrycarpus_dacrydioides";1;16;9;13;24;0;8;1;0;6;5;31;0;11;0;30;19;16;56;139;30;65;2;1;61;51;23;296;23;0;11;16;18;4;25;22;10;34;1;130;53;22;6;0;0;359;13;1;0;11;27;0;4;23;0;0
"Dacrydium_cupressinum";2;11;10;24;52;0;7;1;0;3;5;51;1;0;0;2;28;41;32;24;50;64;7;3;132;83;18;274;13;0;9;3;16;0;60;16;21;19;1;51;72;39;7;0;0;209;21;0;0;15;28;1;4;21;1;8
"Dracophyllum_longifolium";12;5;7;31;57;4;18;6;6;1;1;16;33;6;0;2;14;9;80;0;5;9;10;1;18;8;0;1;0;0;1;0;1;0;1;0;1;0;0;0;0;0;0;0;0;0;0;0;0;0;0;0;0;0;0;0
"Elaeocarpus_hookerianus";3;12;4;13;23;1;18;2;0;2;1;16;1;5;0;11;8;4;46;32;4;34;24;0;20;22;1;40;14;0;1;0;14;1;7;7;49;20;1;9;8;0;1;0;0;3;0;0;0;1;0;0;0;0;0;0
"Fuchsia_excorticata";3;18;12;35;191;5;21;6;1;10;1;35;1;15;1;73;18;8;84;134;15;30;19;6;30;37;8;107;10;0;1;5;11;0;37;3;20;19;3;58;47;6;3;0;0;111;4;0;0;2;6;0;1;4;0;0
"Gaultheria_antipoda";1;1;2;6;34;1;12;28;5;5;0;10;3;1;1;19;0;5;32;11;1;15;7;2;25;21;3;51;4;0;0;0;3;0;28;2;30;9;0;22;29;10;5;0;0;16;6;0;0;3;1;0;1;3;0;1
"Gaultheria_depressa";5;2;0;11;5;1;18;34;18;0;0;7;34;1;0;11;34;9;154;2;2;32;39;2;11;17;3;17;2;0;0;0;1;0;9;0;34;1;0;0;1;0;0;0;0;0;0;0;0;0;0;0;0;0;0;0
"Halocarpus_biformis";9;5;0;0;11;0;3;0;0;0;0;5;0;0;0;0;1;4;24;0;2;38;11;0;19;29;0;2;1;0;0;0;10;0;0;0;11;0;0;0;1;1;1;0;0;0;1;0;0;0;0;0;0;0;0;0
"Ileostylus_micranthus";2;14;13;59;339;0;19;16;0;22;2;23;0;10;0;52;3;6;6;127;3;5;0;15;2;59;1;17;13;0;1;3;2;1;6;1;4;2;0;5;4;1;0;0;0;6;4;0;0;3;2;0;0;1;0;0
"Isolepis_habra";1;0;0;2;1;1;1;0;0;0;0;0;0;0;0;0;0;0;0;1;0;2;0;0;4;0;0;0;0;0;0;0;0;0;0;0;0;0;0;0;0;0;0;0;0;1;0;0;0;0;0;0;0;0;0;0
"Lepidothamnus_laxifolius";1;0;0;0;0;0;13;0;0;0;1;0;0;0;0;0;2;1;38;1;3;21;3;0;10;21;2;0;0;0;0;0;2;0;0;1;43;0;0;0;0;0;0;0;0;0;0;0;0;0;0;0;0;0;0;0
"Leptecophylla_juniperina";12;19;5;8;14;0;24;16;0;7;0;5;0;2;0;1;5;3;44;56;1;27;27;2;17;20;7;68;10;0;0;0;1;1;2;2;28;8;2;2;23;13;3;0;1;88;20;0;0;5;12;1;6;3;1;14
"Leptospermum_scoparium";6;30;17;58;72;1;33;40;5;12;3;20;12;3;1;16;17;15;117;66;9;75;31;6;30;88;28;133;9;0;16;16;18;5;19;11;83;20;5;34;90;23;3;1;0;367;35;1;0;25;65;3;55;31;5;39
"Luzuriaga_parviflora";4;1;1;4;0;2;10;0;0;0;2;17;0;0;0;0;11;0;6;0;7;16;2;0;28;7;4;26;6;0;0;0;7;0;19;1;12;5;0;12;5;3;1;0;0;0;5;0;0;0;0;0;0;0;0;0
"Melicytus_alpinus";1;4;0;14;5;4;12;66;45;8;1;9;44;17;7;51;3;11;81;99;5;3;33;10;3;39;7;0;1;0;0;0;0;0;0;0;4;1;0;0;0;0;0;0;0;0;0;0;0;0;0;0;0;0;0;0
"Melicytus_lanceolatus";1;12;3;8;28;0;1;1;0;0;0;1;0;2;0;0;1;3;3;2;3;5;3;1;5;1;13;39;3;0;4;1;6;0;10;6;19;10;0;9;22;0;0;0;0;0;1;0;0;0;0;0;0;0;0;0
"Metrosideros_umbellata";12;11;13;25;8;2;18;5;0;0;13;15;0;3;0;0;22;37;41;7;10;71;6;0;63;121;13;0;0;0;3;0;0;1;0;0;0;0;0;0;0;0;0;0;0;0;5;0;0;0;0;0;0;1;0;0
"Muehlenbeckia_axillaris";3;5;1;2;4;0;18;21;19;0;0;14;70;26;11;6;37;19;173;79;7;17;32;4;10;13;1;1;1;0;0;0;2;0;6;1;42;5;0;0;2;1;0;0;0;1;1;0;0;0;0;0;0;0;0;0
"Myrsine_australis";1;13;8;29;95;0;9;6;0;8;3;22;0;12;1;29;9;5;17;105;15;17;5;8;43;36;14;134;9;0;6;8;12;0;33;14;37;14;3;74;54;49;8;0;0;630;28;0;0;12;44;3;9;36;6;7
"Myrsine_divaricata";4;11;3;12;32;2;25;16;0;5;5;39;3;5;1;13;13;10;50;30;6;51;26;0;58;26;5;12;9;0;0;0;10;2;13;0;32;3;0;0;4;1;0;0;1;3;0;0;0;2;3;0;0;2;0;0
"Neomyrtus_pedunculata";2;1;8;6;17;2;14;0;0;0;3;34;1;2;0;5;7;10;54;9;4;47;13;0;105;10;0;16;4;0;2;2;6;0;2;4;38;16;0;1;4;3;1;0;0;1;3;0;0;0;0;0;0;1;0;0
"Neopanax_colensoi";8;32;11;22;92;0;24;4;2;10;1;43;19;9;0;58;13;17;185;28;10;65;64;10;86;36;2;59;4;0;0;0;4;0;76;4;74;10;0;12;10;2;0;0;0;0;10;0;0;0;0;0;0;0;0;0
"Pentachondra_pumila";9;2;0;27;13;1;16;11;14;3;0;6;10;0;0;1;0;5;105;0;6;36;30;0;10;24;4;19;7;0;0;0;11;0;7;0;35;2;0;0;3;0;0;0;0;0;1;0;0;0;0;0;0;0;0;0
"Peraxilla_colensoi";5;4;11;10;0;1;12;6;0;0;0;12;0;0;0;0;0;0;1;0;0;10;9;0;1;11;0;0;1;0;0;0;0;0;0;0;3;4;0;0;0;0;0;0;0;0;0;0;0;0;0;0;0;0;0;0
"Phormium_tenax";1;31;9;21;47;1;16;69;0;18;5;10;3;8;25;29;16;12;52;329;29;22;10;3;14;18;9;88;2;1;5;67;2;2;43;7;14;3;1;38;24;1;1;1;7;242;22;0;0;12;43;1;24;14;2;14
"Prumnopitys_ferruginea";4;14;3;22;46;1;20;0;0;1;2;54;1;0;0;4;16;30;24;12;27;59;2;2;121;30;12;175;14;0;5;7;12;0;58;25;35;17;0;46;55;46;5;0;0;105;23;0;0;7;10;1;2;11;0;0
"Pseudopanax_crassifolius";2;17;15;25;67;0;27;14;1;13;2;68;0;4;1;36;11;16;124;196;11;65;28;7;146;43;12;147;12;0;2;4;21;3;65;23;46;18;3;39;40;40;4;0;0;117;13;0;0;17;14;5;1;13;1;8
"Pseudowintera_colorata";1;16;19;29;116;2;18;2;0;6;3;69;0;6;0;47;11;19;114;98;10;103;10;3;79;52;8;52;10;0;0;1;18;1;63;17;71;29;0;29;20;6;0;0;0;2;7;0;0;0;1;0;0;2;0;0
"Raukaua_simplex";5;5;1;6;63;1;23;1;0;0;2;43;1;8;0;1;3;6;116;0;2;57;20;0;60;27;0;19;3;0;1;0;9;0;30;1;42;7;0;12;3;0;3;0;0;0;0;0;0;0;1;0;0;0;0;0
"Ripogonum_scandens";1;2;9;14;47;1;5;0;0;0;1;23;0;0;0;12;9;7;3;19;16;9;0;2;102;31;14;84;3;0;1;4;20;0;62;26;2;23;2;43;47;67;3;0;0;134;31;0;0;4;25;3;0;13;0;0
"Rubus_australis";3;7;3;11;0;0;3;0;0;0;0;4;0;0;0;0;1;8;5;2;11;14;0;0;26;10;3;28;2;0;10;0;2;0;7;2;0;0;0;9;2;0;0;0;0;34;4;0;0;6;11;1;1;17;0;5
"Rubus_cissoides";1;7;9;19;71;0;13;1;1;4;0;29;1;5;1;27;2;7;58;62;7;14;22;5;73;41;8;84;8;0;2;2;19;0;49;9;43;18;0;21;31;9;7;0;1;126;24;2;0;5;15;0;0;9;1;0
"Weinmannia_racemosa";4;8;4;24;0;1;13;0;0;0;10;9;0;0;0;0;32;28;31;8;42;88;2;0;25;50;19;142;14;0;7;2;9;0;39;8;18;13;0;64;69;9;8;0;0;6;20;0;0;0;0;0;0;1;0;0
"Acer_pseudoplatanus";0;13;7;16;84;0;0;79;3;6;0;4;1;31;4;45;0;9;44;313;0;7;11;0;0;24;2;44;2;0;0;5;9;5;6;9;6;5;0;5;16;2;0;0;0;8;2;0;0;0;0;0;0;1;0;0
"Alnus_glutinosa";0;1;0;0;3;0;4;1;0;1;0;0;10;9;4;1;5;2;5;46;1;2;2;0;0;6;1;14;0;0;1;7;0;0;1;1;2;2;0;6;7;0;0;0;0;15;3;0;0;0;1;0;0;0;0;0
"Arbutus_unedo";0;5;1;6;17;0;2;5;0;4;0;0;2;6;2;2;0;1;6;162;0;0;1;3;0;4;2;12;4;0;0;2;5;1;1;0;7;2;0;0;7;0;0;0;0;4;1;0;0;0;1;0;0;0;0;0
"Aristotelia_fruticosa";0;2;0;0;0;0;11;25;10;0;0;5;23;5;0;0;2;3;48;2;0;10;29;3;3;18;0;0;2;0;0;0;1;0;0;0;13;3;0;0;4;0;0;0;0;0;0;0;0;0;0;0;0;0;0;0
"Astelia_fragrans";0;22;7;25;97;1;16;18;0;3;3;32;0;5;0;20;15;5;47;66;10;25;13;3;75;22;11;43;5;0;4;2;6;0;53;10;46;16;0;14;12;19;0;0;0;4;4;0;0;0;0;0;0;0;0;0
"Berberis_darwinii";0;15;4;50;83;0;3;0;0;2;0;0;0;2;2;1;0;0;14;10;0;0;0;0;0;1;2;28;0;0;0;6;2;1;4;0;3;0;0;0;2;1;0;0;0;0;0;0;0;0;0;0;0;0;0;0
"Coprosma_acerosa";0;2;0;4;10;0;6;0;0;7;1;3;3;5;0;1;2;0;13;13;0;2;1;2;14;9;1;59;20;0;12;376;0;6;12;0;6;7;0;2;1;0;1;0;2;7;3;0;0;12;5;0;40;0;0;13
"Coprosma_areolata";0;9;8;14;67;0;0;0;0;1;0;0;0;4;0;27;0;2;0;28;21;6;0;5;6;7;4;80;6;0;6;7;12;3;10;0;0;8;1;11;6;2;0;0;0;119;5;0;0;2;18;0;0;9;4;0
"Coprosma_crassifolia";0;1;2;28;78;0;0;13;7;18;0;8;1;7;0;41;0;0;25;117;0;0;6;7;0;11;0;33;5;0;1;2;4;5;1;0;0;6;0;3;1;0;1;0;1;27;0;0;0;3;2;0;1;3;1;1
"Coprosma_grandifolia";0;4;0;5;48;0;1;0;0;0;0;0;0;0;0;0;3;6;4;25;81;41;5;8;159;42;22;167;19;0;3;3;13;0;131;26;55;30;2;73;83;46;3;0;0;324;32;0;0;6;26;4;0;25;0;3
"Coprosma_linariifolia";0;2;6;14;23;0;8;8;0;5;0;2;1;10;0;13;0;0;41;58;0;6;19;0;5;12;2;11;9;0;1;0;0;0;0;0;10;0;0;0;0;0;0;0;0;0;0;0;0;0;0;0;0;0;0;0
"Coprosma_lucida";0;34;6;29;22;0;24;20;0;0;2;42;0;3;0;19;13;10;23;139;24;31;3;2;81;21;3;92;3;0;3;1;7;0;45;14;22;15;2;49;33;32;1;0;0;184;21;0;0;5;18;0;1;23;1;10
"Coprosma_repens";0;11;0;19;59;0;0;0;0;12;0;0;0;3;2;17;0;4;1;270;20;9;0;8;5;20;5;185;5;0;7;74;8;10;50;4;0;10;0;15;12;5;6;0;3;132;15;0;0;6;19;0;24;5;1;4
"Coprosma_robusta";0;6;2;11;85;0;0;3;0;3;0;0;0;8;4;31;2;1;42;589;14;11;10;7;50;37;29;172;4;0;3;9;11;4;55;14;23;21;2;61;61;20;3;0;0;592;34;0;0;7;30;0;3;16;6;11
"Cordyline_australis";0;27;5;29;82;0;11;125;1;23;4;16;0;16;28;46;11;11;100;786;18;9;7;8;7;20;19;135;16;0;9;45;15;10;35;2;12;27;2;56;46;5;8;1;0;658;26;0;1;8;43;1;12;17;1;14
"Coriaria_angustissima";0;1;0;0;0;0;3;5;0;0;0;3;6;0;0;0;0;1;30;0;0;2;4;0;0;0;0;0;0;0;0;0;0;0;0;0;0;0;0;0;0;0;0;0;0;0;0;0;0;0;0;0;0;0;0;0
"Coriaria_arborea";0;5;0;6;24;0;9;31;0;0;0;16;1;1;1;8;30;7;47;33;12;21;9;6;43;25;13;69;7;0;1;3;4;0;14;9;9;15;1;12;25;10;4;0;0;54;15;2;0;0;5;0;2;13;0;13
"Coriaria_sarmentosa";0;1;0;1;3;0;2;5;4;2;1;3;5;4;2;1;0;6;37;3;0;4;12;1;31;4;0;5;0;0;0;0;0;0;0;0;2;0;0;0;0;0;0;0;0;0;0;0;0;0;0;0;0;0;0;0
"Corokia_cotoneaster";0;6;0;19;38;0;26;51;15;4;0;8;22;10;4;43;1;4;125;73;1;7;23;4;1;20;0;5;1;0;0;2;3;1;12;0;17;4;0;5;7;0;0;0;2;31;1;0;0;2;6;1;2;0;2;13
"Cotoneaster_coriaceus";0;3;0;5;12;0;0;11;0;2;0;0;0;0;0;2;0;2;2;43;0;1;0;1;0;6;3;14;1;0;0;3;1;2;5;4;5;4;0;5;14;2;0;0;0;47;4;0;0;1;5;0;0;0;3;0
"Cotoneaster_franchetii";0;2;1;9;9;0;0;8;2;5;0;0;0;3;4;1;2;4;4;54;0;4;1;4;0;3;1;3;3;0;0;1;1;0;2;2;6;3;0;0;2;0;0;0;0;2;0;0;0;0;0;0;0;0;1;0
"Crataegus_monogyna";0;4;0;12;46;0;4;121;4;8;0;4;0;4;4;44;0;0;39;161;0;4;1;5;0;18;1;19;4;0;0;1;8;2;0;0;2;5;0;14;9;3;0;0;0;32;6;0;0;2;8;0;0;2;0;0
"Euonymus_europaeus";0;4;1;19;13;0;0;19;1;9;0;1;0;12;8;8;0;0;47;209;1;0;6;0;0;7;1;4;7;0;0;2;2;1;0;1;3;1;0;0;0;0;0;0;0;1;0;0;0;0;0;0;0;0;0;0
"Fuchsia_perscandens";0;3;3;3;9;0;0;1;2;4;0;3;0;2;0;2;1;0;5;18;9;7;0;0;10;2;0;6;2;0;0;2;2;1;0;0;2;0;0;1;1;0;0;0;0;0;0;0;0;0;0;0;0;0;0;0
"Gaultheria_macrostigma";0;7;7;57;32;0;11;3;9;4;0;2;0;0;0;0;1;3;4;0;2;15;23;0;2;5;0;0;0;0;0;0;0;0;0;0;8;0;0;0;0;0;0;0;0;0;0;0;0;0;0;0;0;0;0;0
"Griselinia_littoralis";0;15;8;31;118;2;13;37;3;28;4;79;16;18;2;44;8;10;244;255;8;89;39;7;167;53;11;64;6;0;1;2;11;2;56;14;86;17;0;29;24;18;1;0;0;41;10;0;0;1;4;0;1;4;0;0
"Griselinia_lucida";0;1;0;0;0;0;0;0;0;0;7;1;0;0;0;1;0;2;0;8;17;7;0;1;27;18;10;68;2;0;5;6;5;1;29;9;0;3;1;48;19;21;2;0;0;69;9;0;0;3;10;2;1;6;0;0
"Gunnera_tinctoria";0;5;0;2;14;0;0;2;0;1;0;0;0;0;4;12;0;5;7;58;4;3;0;0;0;2;0;19;0;0;0;1;2;0;24;1;0;0;0;4;2;0;0;0;0;9;4;0;0;0;2;0;0;1;0;0
"Hedera_helix";0;3;1;29;69;0;2;42;0;3;0;1;1;15;9;11;8;9;19;334;3;10;6;1;3;24;2;50;15;0;0;9;16;1;18;5;9;9;1;22;32;7;1;0;0;298;11;0;0;6;5;0;0;3;4;0
"Ilex_aquifolium";0;13;5;29;47;0;2;28;1;0;0;0;0;4;0;6;4;8;51;116;0;4;10;0;0;6;7;24;4;0;0;2;7;0;9;4;0;0;0;6;3;0;0;0;0;15;1;0;0;1;2;0;0;0;0;0
"Leycesteria_formosa";0;2;3;28;51;0;5;37;0;5;0;0;0;14;1;12;5;20;27;53;6;31;0;5;6;60;18;74;6;0;0;2;8;0;8;12;10;0;0;20;45;2;0;0;1;27;8;0;0;0;9;0;0;1;1;0
"Lonicera_japonica";0;1;0;7;9;0;1;3;0;0;0;0;0;2;4;7;2;2;3;110;10;4;0;0;2;16;4;74;5;0;0;20;3;2;13;2;4;9;2;27;36;8;1;0;0;380;24;6;0;6;11;0;0;7;7;0
"Lophomyrtus_obcordata";0;5;3;7;27;0;0;0;0;3;0;3;0;5;0;37;1;0;17;81;0;4;7;4;4;43;3;32;11;0;1;0;20;3;5;1;3;7;0;1;0;3;0;0;0;8;2;0;0;0;0;0;0;0;1;0
"Malus_domestica";0;1;0;4;3;0;0;7;5;0;0;4;2;3;0;4;1;0;6;27;1;3;1;1;0;3;0;3;0;0;0;0;1;0;1;0;1;1;0;0;1;0;1;0;0;6;1;0;0;0;2;0;0;1;0;0
"Melicytus_ramiflorus";0;1;1;26;123;0;5;8;0;6;2;31;1;23;0;86;7;12;15;351;40;31;2;6;73;69;25;206;8;0;8;13;17;10;114;26;19;41;9;125;73;74;9;0;1;802;46;0;0;24;51;5;9;28;4;8
"Muehlenbeckia_australis";0;17;4;17;92;0;2;13;1;12;0;37;4;10;20;50;4;7;41;321;6;24;6;4;38;20;10;86;5;0;2;10;18;4;28;8;4;18;1;50;41;8;6;0;0;70;24;0;0;6;4;0;6;2;1;0
"Muehlenbeckia_complexa";0;5;4;17;5;0;4;21;31;15;1;2;9;13;15;60;1;4;26;283;2;12;5;2;25;25;14;164;4;1;5;89;3;8;10;2;1;10;1;17;16;5;5;0;5;113;26;1;0;13;39;1;28;18;3;4
"Paratrophis_microphylla";0;4;3;12;26;0;1;0;0;2;0;0;0;6;0;13;1;0;1;30;13;7;0;0;2;13;2;41;10;0;1;9;21;5;8;4;0;12;1;37;13;2;2;0;0;91;8;0;0;1;20;0;1;9;2;0
"Parsonsia_heterophylla";0;13;4;31;44;0;2;0;0;4;2;8;0;10;0;34;0;2;24;91;7;2;1;6;16;12;4;89;8;0;9;2;19;3;32;6;4;30;1;20;5;10;2;0;3;145;17;0;0;3;13;2;0;2;0;1
"Pennantia_corymbosa";0;4;8;15;35;0;2;6;0;4;5;28;1;2;0;45;0;5;5;92;8;5;2;13;26;17;23;199;8;0;5;6;23;2;14;7;13;24;0;20;11;9;1;0;1;41;0;0;0;3;4;0;0;0;0;0
"Peraxilla_tetrapetala";0;2;0;0;0;0;10;2;0;0;1;9;32;0;2;0;0;0;54;0;0;11;10;0;2;26;0;14;1;0;0;0;4;0;0;4;24;1;0;0;0;1;0;0;0;0;0;0;0;0;0;0;0;0;0;0
"Phormium_colensoi";0;1;2;5;18;2;6;12;1;1;3;3;4;3;2;8;0;5;37;40;13;35;11;5;31;32;5;48;6;0;4;1;6;6;5;2;10;11;2;8;3;0;2;1;0;37;11;0;0;0;0;0;0;1;0;0
"Phyllocladus_trichomanoides";0;5;0;2;8;0;40;10;0;0;2;24;44;0;0;0;13;21;100;10;10;67;47;0;65;63;3;0;3;0;1;0;6;0;0;3;89;2;0;0;12;3;1;0;0;2;5;0;0;0;0;0;0;0;0;0
"Pittosporum_eugenioides";0;28;6;24;115;0;6;8;0;10;0;0;0;11;1;32;0;2;18;349;12;19;0;3;15;49;15;136;6;0;1;8;21;5;43;9;4;8;0;30;20;8;0;0;0;135;14;0;0;7;12;1;2;4;1;0
"Pittosporum_tenuifolium";0;35;8;30;98;0;7;37;0;18;0;13;2;12;16;38;0;1;140;430;3;20;17;3;8;31;21;69;8;0;1;4;16;1;16;4;17;23;4;18;43;16;1;1;0;168;17;0;0;6;9;0;3;7;0;6
"Plagianthus_regius";0;7;6;3;25;0;0;8;0;9;0;7;1;7;5;21;0;0;11;190;0;4;0;1;0;6;4;21;3;0;0;1;3;2;0;0;4;8;0;11;6;0;0;0;0;7;1;0;0;0;5;0;0;0;0;0
"Podocarpus_totara";0;31;5;21;57;0;0;1;0;6;0;4;3;35;2;60;7;10;31;195;4;15;5;7;2;60;8;285;22;0;5;6;37;5;50;5;8;9;5;49;40;1;7;0;0;327;12;0;0;13;62;0;4;36;5;1
"Prumnopitys_taxifolia";0;29;13;23;20;0;4;0;0;7;1;12;0;16;0;50;0;1;14;89;5;9;4;6;17;109;16;125;16;0;4;6;21;3;3;3;27;22;1;28;21;21;2;0;0;77;5;0;0;7;7;0;2;1;0;0
"Prunus_avium";0;6;0;15;2;0;3;6;0;0;0;1;3;4;3;1;0;0;16;38;1;1;5;1;0;3;1;7;0;0;0;0;0;1;5;0;0;0;0;1;0;0;0;0;0;3;0;0;0;0;0;0;0;0;0;0
"Prunus_cerasifera";0;2;0;0;8;0;0;9;0;3;0;0;1;3;3;6;0;0;6;56;0;0;2;0;0;2;1;6;2;0;0;1;2;0;0;2;2;3;0;0;4;1;0;0;0;7;1;0;0;1;3;0;0;0;1;0
"Prunus_domestica";0;1;0;4;1;0;0;5;0;0;0;0;0;2;1;3;0;1;3;13;0;3;0;0;0;3;0;3;1;0;0;0;0;1;0;0;3;0;1;0;1;1;0;0;0;8;1;0;0;1;0;0;0;2;0;0
"Prunus_laurocerasus";0;3;3;14;30;0;2;7;0;1;0;4;0;4;1;3;3;0;6;59;0;0;6;1;1;18;6;9;5;0;0;1;8;2;5;3;3;1;1;3;2;0;0;0;0;4;2;0;0;1;0;0;0;1;0;0
"Pseudopanax_arboreus";0;5;1;3;41;0;2;2;0;12;0;0;0;11;2;39;0;0;33;465;1;3;7;15;0;39;32;174;10;0;1;0;7;2;7;6;16;10;2;14;57;8;4;0;0;130;26;0;0;9;16;2;1;10;0;4
"Raukaua_edgerleyi";0;1;3;8;37;1;1;0;0;0;0;4;0;0;0;2;4;6;4;0;1;2;1;0;9;4;5;29;0;0;0;1;5;1;24;5;5;8;0;11;26;5;1;0;0;40;5;0;0;0;4;3;0;4;0;0
"Ribes_sanguineum";0;1;3;26;52;0;3;29;1;2;0;0;1;5;0;0;0;1;3;85;0;1;3;0;0;1;1;0;1;0;0;0;0;1;1;0;0;0;0;0;0;0;0;0;0;0;0;0;0;0;0;0;0;0;0;0
"Rosa_rubiginosa";0;1;0;2;2;0;4;103;13;3;0;23;50;12;4;13;0;10;110;51;0;3;12;4;0;8;1;9;0;0;0;1;1;0;0;0;4;4;0;1;1;1;2;0;0;1;0;1;0;0;0;0;0;0;0;0
"Rubus_fruticosus";0;1;0;1;3;0;0;9;0;1;0;1;0;1;4;2;1;0;8;50;5;1;6;0;11;0;0;9;0;0;0;4;0;0;1;1;3;7;0;1;8;4;0;0;0;15;3;0;0;0;1;0;0;1;7;0
"Sambucus_nigra";0;12;3;23;55;0;0;43;9;5;0;0;4;13;15;29;0;2;27;329;0;3;2;0;0;4;5;22;1;0;0;2;11;0;0;0;1;3;1;2;0;0;1;0;0;0;0;0;0;0;1;0;0;0;0;0
"Schefflera_digitata";0;17;7;20;108;3;8;1;0;8;3;46;1;10;3;34;21;15;56;57;15;34;4;1;74;34;4;111;3;0;0;5;15;0;63;14;11;25;1;99;52;22;3;0;0;263;14;2;0;11;17;3;0;26;1;0
"Solanum_laciniatum";0;12;5;35;135;0;0;4;1;29;0;0;0;7;8;52;1;2;17;329;2;2;2;5;5;20;8;71;6;0;0;5;11;2;7;0;2;4;0;11;12;0;0;0;1;86;1;0;0;3;0;0;0;2;1;0
"Solanum_nigrum";0;6;0;3;37;0;0;3;0;2;0;0;0;3;1;6;2;3;8;124;5;6;0;0;4;7;2;32;3;0;1;10;4;3;24;5;0;10;1;10;9;2;3;0;0;109;2;0;0;2;11;0;3;2;0;0
"Sorbus_aucuparia";0;4;4;24;13;0;7;128;5;0;0;3;14;6;1;0;0;4;11;34;0;6;36;0;0;1;0;1;0;0;0;0;5;1;0;0;3;0;0;0;1;0;0;0;0;0;0;0;0;0;0;0;0;0;0;0
"Styphelia_nesophila";0;3;1;37;20;0;12;51;25;3;3;20;112;19;4;38;55;23;136;44;0;14;36;4;1;28;5;12;4;0;2;0;0;1;3;0;53;9;0;1;7;0;1;0;0;9;6;0;0;1;5;1;14;6;1;10
"Taxus_baccata";0;2;0;11;13;0;0;0;0;0;0;0;0;7;1;2;0;1;1;73;0;0;4;2;0;9;1;3;0;0;0;4;0;0;0;0;0;4;0;0;0;0;0;0;0;0;0;0;0;0;0;0;0;0;0;0
"Tropaeolum_speciosum";0;27;10;44;16;0;1;0;0;1;0;0;0;21;0;7;0;0;19;1;0;0;2;0;0;1;0;1;2;0;0;0;4;0;6;2;1;0;0;0;0;0;0;0;0;0;0;0;0;0;0;0;0;0;0;0
"Tupeia_antarctica";0;3;8;9;21;0;0;0;0;10;0;0;0;4;0;8;0;0;0;8;0;0;0;5;0;6;0;1;2;0;0;0;1;0;0;0;19;2;0;0;7;1;0;0;0;0;0;0;0;0;0;0;0;0;0;0
"Cotoneaster_glaucophyllus";0;0;1;2;0;0;0;6;0;4;0;0;0;1;0;0;5;2;3;24;5;2;3;1;2;8;3;5;1;0;0;1;1;0;1;0;1;1;1;3;4;2;4;0;0;22;5;1;0;2;5;0;0;7;10;0
"Phoenix_canariensis";0;0;1;0;0;0;0;0;0;0;0;0;0;1;0;8;0;1;0;12;0;0;0;0;0;5;6;16;0;0;0;5;0;1;3;0;0;4;0;9;4;0;1;0;0;103;7;0;0;1;4;0;0;6;4;0
"Pittosporum_crassifolium";0;0;2;2;6;0;0;0;0;1;0;0;0;2;2;14;0;0;3;99;5;0;0;2;3;9;2;85;4;0;1;20;11;4;49;3;0;10;2;19;8;2;10;0;4;327;25;0;2;11;47;0;17;8;7;0
"Acrothamnus_colensoi";0;0;0;7;0;0;25;29;11;0;0;11;55;0;0;0;24;19;120;0;0;1;45;3;0;12;0;0;0;0;0;0;0;0;0;0;10;0;0;0;0;0;0;0;0;0;0;0;0;0;0;0;0;0;0;0
"Ficus_carica";0;0;0;1;4;0;0;1;0;3;0;0;0;0;0;1;0;0;2;20;0;0;0;0;0;3;1;2;4;0;0;2;3;0;3;1;0;4;0;6;10;0;2;0;0;40;4;0;0;1;11;0;1;1;0;0
"Fragaria_ananassa";0;0;0;1;1;0;1;0;0;0;0;0;0;0;0;0;1;1;2;3;0;0;0;0;0;0;0;2;0;0;0;0;1;0;0;0;0;0;0;0;1;0;0;0;0;0;0;0;0;0;0;0;0;0;0;0
"Ligustrum_lucidum";0;0;0;1;2;0;0;2;0;0;0;0;0;0;0;0;1;0;0;4;0;0;0;0;0;10;0;1;2;0;0;1;7;1;0;1;1;8;1;29;4;5;1;0;0;480;14;0;0;0;20;0;0;15;18;0
"Lophomyrtus_bullata";0;0;0;1;3;0;0;0;0;0;0;0;0;0;1;0;0;0;0;1;0;1;0;0;0;1;20;135;4;0;0;6;12;0;18;12;2;0;0;33;15;1;2;0;0;73;12;0;0;6;3;0;1;13;0;1
"Melicytus_chathamicus";0;0;0;1;0;0;0;0;0;0;0;0;0;0;1;1;0;0;0;2;0;0;0;0;0;0;0;0;0;0;0;0;0;0;0;0;0;0;0;0;0;0;0;0;0;0;0;0;0;0;0;0;0;0;0;0
"Myoporum_laetum";0;0;0;10;86;0;0;0;0;21;0;0;0;1;0;39;0;0;0;208;4;0;0;9;5;24;6;81;6;0;3;6;7;6;4;0;2;6;5;2;4;2;2;0;1;75;8;0;2;2;25;0;3;4;3;2
"Passiflora_tripartita";0;0;0;1;49;0;0;0;0;12;0;0;0;2;0;6;0;0;0;83;0;2;0;2;1;19;4;29;0;0;1;4;12;1;3;0;0;1;1;2;5;0;0;0;0;7;1;0;0;1;2;0;0;2;2;0
"Prunus_persica";0;0;0;1;0;0;0;0;0;0;0;0;0;0;0;1;0;0;0;11;0;1;1;0;0;0;0;7;0;0;0;3;0;0;1;1;1;2;0;3;6;0;0;0;0;32;1;0;0;4;6;0;0;3;0;0
"Rubus_squarrosus";0;0;0;2;14;0;0;0;0;6;0;0;0;4;0;23;0;0;4;41;0;0;2;10;0;0;0;8;0;0;0;0;0;2;0;0;1;1;0;0;0;0;4;0;0;1;0;1;0;1;1;0;1;1;0;0
"Vitis_vinifera";0;0;0;1;0;0;0;0;0;0;0;0;0;0;0;0;0;0;0;7;0;0;0;0;0;0;0;3;0;0;0;3;1;1;1;0;3;2;1;6;4;0;0;0;0;14;4;0;0;1;3;1;0;4;0;0
"Berberis_glaucocarpa";0;0;0;0;6;0;0;8;0;7;0;0;0;4;0;10;0;0;12;20;0;4;1;9;2;25;6;25;5;0;0;0;10;2;8;1;5;0;0;20;27;7;2;0;0;14;7;0;0;1;3;0;0;1;0;0
"Cornus_capitata";0;0;0;0;1;0;1;5;0;0;0;0;0;2;1;0;0;0;2;21;1;0;0;0;0;18;3;10;1;0;0;2;5;1;16;4;2;4;0;7;12;6;1;0;0;6;2;0;0;0;1;0;0;0;0;0
"Corokia_macrocarpa";0;0;0;0;1;0;0;1;0;0;0;0;0;0;0;0;0;0;0;1;0;0;0;0;0;0;0;1;0;0;0;0;1;0;0;0;0;0;0;0;0;0;0;0;0;1;0;0;0;0;0;0;0;0;0;0
"Corynocarpus_laevigatus";0;0;0;0;5;0;0;0;0;0;0;0;0;0;0;16;0;0;0;60;5;2;0;6;10;21;9;133;13;0;3;8;14;13;58;8;1;20;5;21;15;4;6;0;1;381;16;1;0;20;50;1;5;24;3;0
"Freycinetia_banksii";0;0;0;0;1;2;0;0;0;0;5;13;0;0;0;0;12;21;1;0;76;17;0;0;73;18;7;120;1;0;9;4;5;0;52;14;0;3;2;70;26;34;8;0;0;279;36;0;0;16;22;4;3;25;1;1
"Leucopogon_fasciculatus";0;0;0;0;1;0;0;0;0;0;0;0;0;0;0;1;0;0;9;40;4;23;3;2;142;38;17;71;10;0;4;3;7;0;6;9;20;21;3;41;58;29;3;0;0;217;45;0;0;24;40;3;23;33;4;7
"Ligustrum_ovalifolium";0;0;0;0;1;0;0;0;0;0;0;0;1;0;0;0;0;0;0;2;2;2;0;0;0;0;0;0;0;0;0;0;0;0;0;0;0;0;0;0;0;0;0;0;0;0;0;0;0;0;0;0;0;0;0;0
"Ligustrum_sinense";0;0;0;0;1;0;0;0;0;0;0;0;0;0;0;0;0;3;0;10;0;1;0;0;0;11;0;3;0;0;0;4;2;0;2;2;2;1;0;27;24;3;2;0;0;168;5;1;0;2;13;0;3;8;2;0
"Lycium_ferocissimum";0;0;0;0;9;0;0;0;1;32;0;0;0;3;9;11;0;0;0;98;0;0;0;6;0;0;1;71;4;0;0;124;0;1;16;1;0;7;2;2;0;0;2;0;2;17;3;0;0;0;1;0;0;0;1;0
"Macropiper_excelsum";0;0;0;0;8;0;0;0;0;0;0;0;0;0;0;60;3;0;0;110;39;8;0;9;20;53;24;225;9;0;9;10;24;8;93;8;2;23;6;56;53;37;14;1;1;524;49;2;1;21;41;0;9;29;7;1
"Muehlenbeckia_astonii";0;0;0;0;1;0;0;0;0;0;0;0;0;0;2;4;0;0;0;36;0;0;1;1;0;0;0;1;1;0;0;1;3;0;1;0;0;0;0;0;0;0;0;0;0;0;0;0;0;0;0;0;0;0;0;0
"Myrsine_salicina";0;0;0;0;3;0;0;0;0;0;0;0;0;1;0;0;2;8;0;1;56;39;3;0;132;23;5;106;19;0;15;2;4;1;49;5;13;2;0;23;16;1;2;0;0;36;4;0;0;1;9;1;1;3;0;0
"Passiflora_tarminiana";0;0;0;0;2;0;0;0;0;0;0;0;0;0;0;0;0;1;0;6;1;0;0;0;1;2;1;2;0;0;0;1;2;1;1;1;0;0;0;0;1;0;0;0;0;28;0;0;0;1;3;0;0;1;0;0
"Rhopalostylis_sapida";0;0;0;0;2;0;0;0;0;0;0;0;0;0;0;18;0;1;0;1;125;15;0;2;51;44;13;174;2;1;28;12;18;0;56;9;0;24;6;55;17;37;5;2;0;579;40;1;0;24;60;8;7;32;6;2
"Hedycarya_arborea";0;0;0;0;0;1;0;0;0;0;8;49;1;0;0;18;6;20;0;40;36;10;0;8;104;43;5;161;5;0;4;9;20;1;91;25;2;24;2;69;57;63;9;0;0;295;29;0;0;11;23;4;2;26;3;0
"Lepidothamnus_intermedius";0;0;0;0;0;1;0;0;0;0;0;6;0;0;0;0;2;1;0;0;7;25;0;0;25;11;0;0;0;0;1;0;0;0;0;0;0;0;0;0;0;0;0;0;0;0;9;0;0;0;0;0;0;0;0;0
"Coprosma_petriei";0;0;0;0;0;0;3;6;18;0;0;4;34;8;1;0;8;11;21;0;0;0;5;0;0;0;0;0;0;0;0;0;0;0;0;0;0;0;0;0;0;0;0;0;0;0;0;0;0;0;0;0;0;0;0;0
"Coriaria_plumosa";0;0;0;0;0;0;11;5;0;0;1;5;11;0;0;0;0;3;14;0;0;4;4;3;2;1;0;1;1;0;0;0;4;0;4;0;8;0;0;0;0;0;0;0;0;0;0;0;0;0;0;0;0;0;0;0
"Laurus_nobilis";0;0;0;0;0;0;1;0;0;0;0;0;0;1;0;1;0;0;1;58;1;1;0;0;0;11;4;2;0;0;0;1;5;0;0;0;0;0;0;1;1;0;0;0;0;9;0;0;0;0;0;0;0;2;0;0
"Podocarpus_nivalis";0;0;0;0;0;0;17;4;3;2;0;6;46;3;0;0;3;6;108;3;0;12;28;3;0;13;2;0;0;0;0;0;3;0;0;0;63;1;0;0;1;0;0;0;0;0;0;0;0;0;0;0;0;0;0;0
"Coprosma_intertexta";0;0;0;0;0;0;0;6;21;0;0;1;10;6;0;0;0;3;6;5;0;1;4;1;0;0;0;0;0;0;0;0;0;0;0;0;0;0;0;0;0;0;0;0;0;0;0;0;0;0;0;0;0;0;0;0
"Pyrus_communis";0;0;0;0;0;0;0;3;0;0;0;0;0;0;0;0;0;0;0;11;0;0;0;1;0;0;0;2;0;0;0;0;0;0;0;0;1;0;0;0;0;0;0;0;0;0;0;0;0;0;1;0;0;0;0;0
"Solanum_aviculare";0;0;0;0;0;0;0;1;0;0;0;0;0;0;0;8;0;0;1;2;4;1;0;4;5;11;3;20;4;0;4;4;5;0;18;0;0;2;1;5;6;1;0;0;0;15;0;0;0;2;5;0;0;4;0;0
"Alseuosmia_macrophylla";0;0;0;0;0;0;0;0;0;0;0;1;0;0;0;0;0;0;0;0;0;0;0;0;6;9;0;0;0;0;1;0;2;0;78;26;1;0;0;80;67;2;1;0;0;197;49;0;0;2;17;8;0;19;0;0
"Coprosma_depressa";0;0;0;0;0;0;0;0;0;0;0;1;0;0;0;0;0;6;15;0;0;11;5;0;10;0;0;1;1;0;0;0;0;0;1;0;0;0;0;0;0;0;0;0;0;0;0;0;0;0;0;0;0;0;0;0
"Pseudowintera_axillaris";0;0;0;0;0;0;0;0;0;0;0;1;0;0;0;0;0;1;0;2;0;1;0;0;68;24;10;85;13;0;2;1;11;0;40;14;3;14;0;12;23;11;2;0;0;6;12;0;0;1;4;0;0;3;0;0
"Knightia_excelsa";0;0;0;0;0;0;0;0;0;0;0;0;0;1;0;0;0;0;0;0;0;0;0;0;0;0;8;210;7;0;0;10;24;5;77;31;14;29;5;64;85;79;11;1;0;227;50;2;0;21;34;7;2;30;1;13
"Trachycarpus_fortunei";0;0;0;0;0;0;0;0;0;0;0;0;0;4;0;1;0;0;1;30;1;0;0;0;0;7;0;4;0;0;0;1;3;2;1;0;3;2;0;25;5;1;2;0;0;22;6;1;0;5;3;0;0;1;0;0
"Melicytus_obovatus";0;0;0;0;0;0;0;0;0;0;0;0;0;0;1;0;0;0;0;5;0;0;0;0;1;22;0;0;0;0;0;0;0;0;0;0;0;0;0;0;0;0;0;0;0;0;0;0;0;0;0;0;0;0;0;0
"Rhamnus_alaternus";0;0;0;0;0;0;0;0;0;0;0;0;0;0;1;0;0;0;1;29;0;0;0;0;0;0;0;18;0;0;0;3;1;0;0;0;2;0;0;1;1;0;0;0;0;20;0;0;0;0;1;0;0;1;0;0
"Alectryon_excelsus";0;0;0;0;0;0;0;0;0;0;0;0;0;0;0;40;0;0;0;70;0;0;0;7;0;42;4;113;15;0;0;8;18;8;28;6;1;22;1;45;28;9;3;0;0;148;15;0;0;5;13;0;1;6;0;0
"Asparagus_asparagoides";0;0;0;0;0;0;0;0;0;0;0;0;0;0;0;4;0;0;2;34;0;0;0;0;0;9;1;4;0;0;0;18;0;3;1;0;0;8;0;8;1;1;3;0;2;47;4;0;0;3;6;0;0;4;5;0
"Asparagus_scandens";0;0;0;0;0;0;0;0;0;0;0;0;0;0;0;4;0;0;0;56;0;0;0;0;0;23;3;71;0;0;0;6;4;0;45;1;0;0;2;6;14;4;0;0;1;197;22;0;0;7;19;1;5;28;6;0
"Coprosma_parviflora";0;0;0;0;0;0;0;0;0;0;0;0;0;0;0;1;0;0;0;0;0;0;0;0;0;0;0;0;0;0;0;0;0;0;6;0;0;0;0;0;0;0;0;0;0;1;0;0;0;3;0;0;2;10;0;10
"Passiflora_tetrandra";0;0;0;0;0;0;0;0;0;0;0;0;0;0;0;28;0;0;0;43;0;0;0;1;0;5;8;60;13;0;3;12;21;2;17;9;0;14;0;47;19;1;4;0;0;112;10;0;0;5;3;0;0;0;0;0
"Phytolacca_icosandra";0;0;0;0;0;0;0;0;0;0;0;0;0;0;0;5;0;1;0;1;0;1;0;3;0;6;2;43;0;0;0;17;6;0;6;4;0;5;1;25;23;3;1;0;0;74;15;3;0;4;12;0;3;12;5;0
"Elaeocarpus_dentatus";0;0;0;0;0;0;0;0;0;0;0;0;0;0;0;0;1;33;1;17;13;18;1;6;16;8;11;104;4;0;4;1;5;3;30;22;5;8;0;31;24;39;3;0;0;37;13;0;0;2;5;4;0;4;0;0
"Hedychium_gardnerianum";0;0;0;0;0;0;0;0;0;0;0;0;0;0;0;0;0;1;0;2;8;2;0;0;1;3;1;27;0;0;0;1;0;0;35;3;0;0;0;5;9;5;3;0;0;394;21;5;0;10;20;3;2;30;31;0
"Beilschmiedia_tarairi";0;0;0;0;0;0;0;0;0;0;0;0;0;0;0;0;0;0;0;1;0;0;0;0;0;0;0;0;0;0;0;2;0;0;6;0;0;0;0;2;1;0;0;0;0;139;2;0;0;20;49;1;3;25;4;0
"Beilschmiedia_tawa";0;0;0;0;0;0;0;0;0;0;0;0;0;0;0;0;0;0;0;7;0;0;0;3;0;19;16;209;7;0;0;12;15;4;51;24;4;23;2;68;59;71;7;1;0;85;9;0;0;9;11;4;1;17;0;0
"Coprosma_macrocarpa";0;0;0;0;0;0;0;0;0;0;0;0;0;0;0;0;0;0;0;1;0;0;0;0;0;0;0;1;0;0;0;2;0;0;0;0;0;0;0;3;0;0;0;0;0;83;2;0;0;5;17;1;2;9;4;2
"Meryta_sinclairii";0;0;0;0;0;0;0;0;0;0;0;0;0;0;0;0;0;0;0;6;1;0;0;0;2;0;0;20;0;0;1;0;0;0;13;0;0;3;0;1;0;0;0;0;0;32;2;0;0;0;4;0;1;2;2;0
"Nestegis_cunninghamii";0;0;0;0;0;0;0;0;0;0;0;0;0;0;0;0;0;0;0;1;0;0;0;3;0;4;0;39;11;0;0;0;6;0;27;17;17;3;0;7;5;2;0;0;0;8;1;0;0;0;0;0;0;1;0;0
"Olea_europaea";0;0;0;0;0;0;0;0;0;0;0;0;0;0;0;0;0;0;0;7;0;0;0;0;0;1;0;1;0;0;0;1;0;0;0;0;0;1;0;0;1;0;0;0;0;28;0;0;0;0;3;0;0;1;0;0
"Passiflora_edulis";0;0;0;0;0;0;0;0;0;0;0;0;0;0;0;0;0;0;0;1;0;0;0;0;0;0;0;1;0;0;0;0;0;0;0;0;0;0;0;1;3;0;0;0;0;11;2;0;0;0;3;0;2;8;1;0
"Pseudopanax_lessonii";0;0;0;0;0;0;0;0;0;0;0;0;0;0;0;0;0;0;0;24;0;1;0;0;0;8;0;29;0;0;0;0;2;1;23;0;1;1;0;11;7;4;4;0;1;141;16;0;1;6;28;0;30;12;8;7
"Rhaphiolepis_loquata";0;0;0;0;0;0;0;0;0;0;0;0;0;0;0;0;0;0;0;9;0;0;0;0;0;2;1;14;3;0;0;9;4;3;3;1;3;12;1;8;14;3;4;0;0;131;8;0;0;4;16;0;2;25;9;0
"Solanum_mauritianum";0;0;0;0;0;0;0;0;0;0;0;0;0;0;0;0;0;0;0;1;0;0;0;0;0;40;0;1;0;0;0;1;4;0;28;0;0;1;1;34;19;4;3;0;0;361;52;3;0;13;14;1;12;37;12;1
"Solanum_pseudocapsicum";0;0;0;0;0;0;0;0;0;0;0;0;0;0;0;0;0;0;0;23;0;0;0;0;0;6;0;21;1;0;0;0;8;3;4;0;0;0;1;17;4;0;0;0;0;34;7;0;0;2;5;0;0;4;0;0
"Vitex_lucens";0;0;0;0;0;0;0;0;0;0;0;0;0;0;0;0;0;0;0;1;0;0;0;0;0;2;0;24;0;0;0;3;6;0;43;1;0;3;0;15;12;10;5;2;0;317;36;1;2;28;86;3;4;38;12;1
"Podocarpus_cunninghamii";0;0;0;0;0;0;0;0;0;0;0;0;0;0;0;0;0;0;0;0;0;1;0;0;0;0;0;0;0;0;0;0;0;0;0;0;0;0;0;0;0;0;0;0;0;0;0;0;0;0;0;0;0;0;0;0
"Geniostoma_ligustrifolium";0;0;0;0;0;0;0;0;0;0;0;0;0;0;0;0;0;0;0;0;0;0;0;0;7;27;4;170;7;0;1;9;17;0;71;21;11;29;8;82;48;75;8;1;0;398;30;0;0;19;37;6;15;31;5;18
"Ficus_macrophylla";0;0;0;0;0;0;0;0;0;0;0;0;0;0;0;0;0;0;0;0;0;0;0;0;0;1;0;0;0;0;0;3;0;0;1;0;0;0;0;0;2;0;2;0;0;180;0;0;0;0;0;0;0;3;0;0
"Lantana_camara";0;0;0;0;0;0;0;0;0;0;0;0;0;0;0;0;0;0;0;0;0;0;0;0;0;7;0;0;0;0;0;1;0;0;1;0;0;0;0;0;0;1;0;0;0;31;1;0;0;1;1;0;3;9;2;0
"Syzygium_smithii";0;0;0;0;0;0;0;0;0;0;0;0;0;0;0;0;0;0;0;0;0;0;0;0;0;4;0;9;0;0;0;2;0;0;3;0;0;0;0;0;1;0;1;0;0;58;3;0;0;3;0;0;0;14;2;0
"Dysoxylum_spectabile";0;0;0;0;0;0;0;0;0;0;0;0;0;0;0;0;0;0;0;0;0;0;0;0;0;0;9;159;0;0;2;2;2;0;39;1;0;1;5;43;17;13;6;0;0;213;32;0;0;14;31;7;4;24;7;0
"Nestegis_lanceolata";0;0;0;0;0;0;0;0;0;0;0;0;0;0;0;0;0;0;0;0;0;0;0;0;0;0;2;59;6;0;0;4;4;3;3;16;6;3;0;19;9;6;3;0;0;76;12;0;0;5;31;0;1;18;5;1
"Cestrum_nocturnum";0;0;0;0;0;0;0;0;0;0;0;0;0;0;0;0;0;0;0;0;0;0;0;0;0;0;0;1;0;0;0;0;0;0;1;0;0;0;0;0;4;0;0;0;0;51;1;0;0;2;4;0;0;4;3;0
"Geniostoma_rupestre";0;0;0;0;0;0;0;0;0;0;0;0;0;0;0;0;0;0;0;0;0;0;0;0;0;0;0;3;0;0;0;0;0;0;1;0;0;0;0;0;2;0;0;0;0;0;0;0;0;0;0;0;0;0;1;0
"Litsea_calicaris";0;0;0;0;0;0;0;0;0;0;0;0;0;0;0;0;0;0;0;0;0;0;0;0;0;0;0;1;0;0;0;1;0;0;5;4;0;0;0;67;54;20;0;0;0;101;18;0;0;4;4;0;1;7;0;0
"Mida_salicifolia";0;0;0;0;0;0;0;0;0;0;0;0;0;0;0;0;0;0;0;0;0;0;0;0;0;0;0;9;2;0;0;4;1;0;0;0;0;1;0;20;3;1;1;0;0;49;13;0;0;6;7;0;0;8;2;0
"Pisonia_brunoniana";0;0;0;0;0;0;0;0;0;0;0;0;0;0;0;0;0;0;0;0;0;0;0;0;0;0;0;1;0;0;0;0;1;0;1;0;0;0;0;0;0;1;0;0;0;20;0;0;0;0;3;1;3;0;0;0
"Actinidia_arguta";0;0;0;0;0;0;0;0;0;0;0;0;0;0;0;0;0;0;0;0;0;0;0;0;0;0;0;0;1;0;0;0;0;0;0;0;0;0;0;0;0;0;0;0;0;0;0;0;0;0;0;0;0;0;0;0
"Coprosma_tenuifolia";0;0;0;0;0;0;0;0;0;0;0;0;0;0;0;0;0;0;0;0;0;0;0;0;0;0;0;0;1;0;0;0;5;0;49;13;49;16;0;10;8;6;0;0;0;0;1;0;0;0;0;0;0;0;0;0
"Actinidia_chinensis";0;0;0;0;0;0;0;0;0;0;0;0;0;0;0;0;0;0;0;0;0;0;0;0;0;0;0;0;0;0;0;2;0;0;0;0;0;0;0;0;2;0;0;0;0;0;0;0;0;0;0;0;0;0;0;0
"Coprosma_arborea";0;0;0;0;0;0;0;0;0;0;0;0;0;0;0;0;0;0;0;0;0;0;0;0;0;0;0;0;0;0;0;3;0;0;0;0;0;1;0;28;7;2;0;0;0;61;10;0;0;15;21;2;0;18;6;3
"Solanum_americanum";0;0;0;0;0;0;0;0;0;0;0;0;0;0;0;0;0;0;0;0;0;0;0;0;0;0;0;0;0;0;0;3;0;0;0;2;0;0;0;0;0;0;0;0;0;0;0;0;0;0;0;0;0;0;0;0
"Syzygium_australe";0;0;0;0;0;0;0;0;0;0;0;0;0;0;0;0;0;0;0;0;0;0;0;0;0;0;0;0;0;0;0;2;1;0;1;0;0;0;0;0;0;0;0;0;0;2;0;0;0;4;0;0;0;0;0;0
"Astelia_banksii";0;0;0;0;0;0;0;0;0;0;0;0;0;0;0;0;0;0;0;0;0;0;0;0;0;0;0;0;0;0;0;0;0;0;1;0;0;0;0;0;1;0;0;0;0;62;11;0;0;2;7;0;8;4;2;9
"Dracaena_draco";0;0;0;0;0;0;0;0;0;0;0;0;0;0;0;0;0;0;0;0;0;0;0;0;0;0;0;0;0;0;0;0;0;0;1;0;0;1;0;0;0;1;0;0;0;18;1;0;0;0;0;0;0;0;0;0
"Toronia_toru";0;0;0;0;0;0;0;0;0;0;0;0;0;0;0;0;0;0;0;0;0;0;0;0;0;0;0;0;0;0;0;0;0;0;0;0;3;0;0;0;15;0;3;0;0;51;22;0;0;12;7;5;0;13;0;5
"Archontophoenix_cunninghamiana";0;0;0;0;0;0;0;0;0;0;0;0;0;0;0;0;0;0;0;0;0;0;0;0;0;0;0;0;0;0;0;0;0;0;0;0;0;0;0;4;0;0;0;0;0;118;0;0;0;2;4;0;0;11;1;0
"Myrsine_chathamica";0;0;0;0;0;0;0;0;0;0;0;0;0;0;0;0;0;0;0;0;0;0;0;0;0;0;0;0;0;0;0;0;0;0;0;0;0;0;0;0;0;0;0;0;0;1;0;0;0;0;0;0;0;0;0;0
"Planchonella_costata";0;0;0;0;0;0;0;0;0;0;0;0;0;0;0;0;0;0;0;0;0;0;0;0;0;0;0;0;0;0;0;0;0;0;0;0;0;0;0;0;0;0;0;0;0;32;1;0;0;2;12;0;1;1;5;2
"Psidium_cattleianum";0;0;0;0;0;0;0;0;0;0;0;0;0;0;0;0;0;0;0;0;0;0;0;0;0;0;0;0;0;0;0;0;0;0;0;0;0;0;0;0;0;0;0;0;0;13;0;0;0;4;1;0;6;3;4;0
