"sp";"dispersal.category";"exponential.rate";"replicate";"dispersal.distance"
"sp01";"dk01";0,75;1;0,259517192219694
"sp02";"dk01";0,75;1;1,52916607627632
"sp03";"dk01";0,75;1;0,553340446843424
"sp04";"dk01";0,75;1;0,216295451319619
"sp05";"dk01";0,75;1;1,88379327444954
"sp06";"dk01";0,75;1;0,0462381766213439
"sp07";"dk01";0,75;1;0,67592713671426
"sp08";"dk01";0,75;1;0,836675974229972
"sp09";"dk01";0,75;1;4,78577560903438
"sp10";"dk01";0,75;1;0,176414249464869
"sp11";"dk01";0,75;1;0,128264838208755
"sp12";"dk01";0,75;1;5,05051277769517
"sp13";"dk01";0,75;1;0,094109492951038
"sp14";"dk01";0,75;1;1,56813651317717
"sp15";"dk01";0,75;1;1,24210776286887
"sp16";"dk01";0,75;1;0,665217328816652
"sp17";"dk01";0,75;1;0,20274135718743
"sp18";"dk01";0,75;1;1,52317281806828
"sp19";"dk01";0,75;1;0,605017497514685
"sp20";"dk01";0,75;1;4,80809516421042
"sp21";"dk01";0,75;1;3,86624310391591
"sp22";"dk01";0,75;1;0,926664729388112
"sp23";"dk01";0,75;1;5,80257783796558
"sp24";"dk01";0,75;1;0,958877821087528
"sp25";"dk01";0,75;1;1,30144574735921
"sp26";"dk01";0,75;1;1,13126791999335
"sp27";"dk01";0,75;1;0,697595051800211
"sp28";"dk01";0,75;1;0,383694788441062
"sp29";"dk01";0,75;1;0,435374022151033
"sp30";"dk01";0,75;1;3,92517033892592
"sp01";"dk01";0,75;2;5,02932420096604
"sp02";"dk01";0,75;2;0,196265372137229
"sp03";"dk01";0,75;2;0,271325540418426
"sp04";"dk01";0,75;2;1,1099749802983
"sp05";"dk01";0,75;2;0,098599253843228
"sp06";"dk01";0,75;2;0,110189698636532
"sp07";"dk01";0,75;2;0,356102257346114
"sp08";"dk01";0,75;2;1,96560686815503
"sp09";"dk01";0,75;2;1,17218859869758
"sp10";"dk01";0,75;2;0,708965820570787
"sp11";"dk01";0,75;2;0,0825736597180367
"sp12";"dk01";0,75;2;2,46934203877552
"sp13";"dk01";0,75;2;0,229560503527694
"sp14";"dk01";0,75;2;0,157983727735087
"sp15";"dk01";0,75;2;0,340656897053123
"sp16";"dk01";0,75;2;0,580351232861479
"sp17";"dk01";0,75;2;3,66790055466776
"sp18";"dk01";0,75;2;0,84453166889446
"sp19";"dk01";0,75;2;1,19393188873293
"sp20";"dk01";0,75;2;0,529503039341146
"sp21";"dk01";0,75;2;0,163898218423128
"sp22";"dk01";0,75;2;0,0947947297245264
"sp23";"dk01";0,75;2;5,05247160515992
"sp24";"dk01";0,75;2;0,405667059007548
"sp25";"dk01";0,75;2;4,37497968452619
"sp26";"dk01";0,75;2;1,36414740601541
"sp27";"dk01";0,75;2;0,624660615498821
"sp28";"dk01";0,75;2;0,599293955912193
"sp29";"dk01";0,75;2;0,667359863097469
"sp30";"dk01";0,75;2;0,0112713066710381
"sp01";"dk01";0,75;3;0,941097302927192
"sp02";"dk01";0,75;3;1,25128926904932
"sp03";"dk01";0,75;3;2,24902355659726
"sp04";"dk01";0,75;3;0,358213156461716
"sp05";"dk01";0,75;3;2,16593532501383
"sp06";"dk01";0,75;3;0,196630364904801
"sp07";"dk01";0,75;3;0,171034381566791
"sp08";"dk01";0,75;3;4,06748928603973
"sp09";"dk01";0,75;3;0,456422952314218
"sp10";"dk01";0,75;3;0,414294670646389
"sp11";"dk01";0,75;3;3,63518042100554
"sp12";"dk01";0,75;3;1,66191107401611
"sp13";"dk01";0,75;3;0,145792484283447
"sp14";"dk01";0,75;3;0,0510129736115535
"sp15";"dk01";0,75;3;0,00069178765018781
"sp16";"dk01";0,75;3;0,381518760075172
"sp17";"dk01";0,75;3;1,24431089678766
"sp18";"dk01";0,75;3;1,76803831502161
"sp19";"dk01";0,75;3;0,19288525544107
"sp20";"dk01";0,75;3;0,429918175563216
"sp21";"dk01";0,75;3;1,88522240508321
"sp22";"dk01";0,75;3;3,28849109245424
"sp23";"dk01";0,75;3;1,5461398474312
"sp24";"dk01";0,75;3;0,292706565310558
"sp25";"dk01";0,75;3;0,117154685159524
"sp26";"dk01";0,75;3;0,0231840958197912
"sp27";"dk01";0,75;3;1,14033117015522
"sp28";"dk01";0,75;3;0,833059657985965
"sp29";"dk01";0,75;3;3,19848631553933
"sp30";"dk01";0,75;3;1,15110601910011
"sp01";"dk01";0,75;4;0,0157274099066831
"sp02";"dk01";0,75;4;0,088517427444458
"sp03";"dk01";0,75;4;1,87687751555424
"sp04";"dk01";0,75;4;0,798632917304834
"sp05";"dk01";0,75;4;0,931478042893019
"sp06";"dk01";0,75;4;0,157785247388401
"sp07";"dk01";0,75;4;0,460049436061935
"sp08";"dk01";0,75;4;3,52972549431607
"sp09";"dk01";0,75;4;0,114908295373122
"sp10";"dk01";0,75;4;0,930588507347918
"sp11";"dk01";0,75;4;0,633118653669953
"sp12";"dk01";0,75;4;0,0942134875804186
"sp13";"dk01";0,75;4;0,0703954387204111
"sp14";"dk01";0,75;4;0,145381402654153
"sp15";"dk01";0,75;4;3,5854220065781
"sp16";"dk01";0,75;4;5,99530377453734
"sp17";"dk01";0,75;4;0,262189403797189
"sp18";"dk01";0,75;4;0,0585635993629694
"sp19";"dk01";0,75;4;0,697941224401196
"sp20";"dk01";0,75;4;3,73111261901703
"sp21";"dk01";0,75;4;0,759017674873273
"sp22";"dk01";0,75;4;2,96714502804562
"sp23";"dk01";0,75;4;1,26853983098628
"sp24";"dk01";0,75;4;0,828521434838573
"sp25";"dk01";0,75;4;5,52176436505524
"sp26";"dk01";0,75;4;0,78942337503046
"sp27";"dk01";0,75;4;0,0904881484065147
"sp28";"dk01";0,75;4;1,23475292691948
"sp29";"dk01";0,75;4;3,25648608041887
"sp30";"dk01";0,75;4;1,09957676020645
"sp01";"dk01";0,75;5;0,194130799422661
"sp02";"dk01";0,75;5;0,993451562964535
"sp03";"dk01";0,75;5;1,154166966155
"sp04";"dk01";0,75;5;1,60740871846042
"sp05";"dk01";0,75;5;1,63538666560612
"sp06";"dk01";0,75;5;0,96031162012976
"sp07";"dk01";0,75;5;2,30746741084976
"sp08";"dk01";0,75;5;1,74218634386223
"sp09";"dk01";0,75;5;0,517632293993613
"sp10";"dk01";0,75;5;0,34544516603152
"sp11";"dk01";0,75;5;0,310601288452744
"sp12";"dk01";0,75;5;0,586638671035568
"sp13";"dk01";0,75;5;3,88616262850609
"sp14";"dk01";0,75;5;0,470306223879258
"sp15";"dk01";0,75;5;0,261107437312603
"sp16";"dk01";0,75;5;0,545874815434217
"sp17";"dk01";0,75;5;1,57929653296234
"sp18";"dk01";0,75;5;2,30190307387435
"sp19";"dk01";0,75;5;0,191982198506594
"sp20";"dk01";0,75;5;0,740057114511728
"sp21";"dk01";0,75;5;0,130881557861964
"sp22";"dk01";0,75;5;2,77511556678101
"sp23";"dk01";0,75;5;0,691681798547506
"sp24";"dk01";0,75;5;2,30212966920172
"sp25";"dk01";0,75;5;0,640546431144078
"sp26";"dk01";0,75;5;5,14984884482081
"sp27";"dk01";0,75;5;0,0909603883822759
"sp28";"dk01";0,75;5;1,17428390055261
"sp29";"dk01";0,75;5;0,844025416920582
"sp30";"dk01";0,75;5;2,43749717115088
"sp01";"dk01";0,75;6;2,28181795267983
"sp02";"dk01";0,75;6;1,29043231153847
"sp03";"dk01";0,75;6;5,81703065302143
"sp04";"dk01";0,75;6;0,0965658860901991
"sp05";"dk01";0,75;6;0,0576571132987738
"sp06";"dk01";0,75;6;0,0320988744497299
"sp07";"dk01";0,75;6;0,150273342927297
"sp08";"dk01";0,75;6;0,0341264967511677
"sp09";"dk01";0,75;6;0,40376062453577
"sp10";"dk01";0,75;6;1,22992043496996
"sp11";"dk01";0,75;6;1,10435281688334
"sp12";"dk01";0,75;6;1,51853152634494
"sp13";"dk01";0,75;6;0,560141167292992
"sp14";"dk01";0,75;6;0,431690585120571
"sp15";"dk01";0,75;6;2,6860337342351
"sp16";"dk01";0,75;6;0,750272339209914
"sp17";"dk01";0,75;6;0,323082027390858
"sp18";"dk01";0,75;6;0,383380827401322
"sp19";"dk01";0,75;6;0,0680316464944748
"sp20";"dk01";0,75;6;0,616546172027786
"sp21";"dk01";0,75;6;0,912200676898162
"sp22";"dk01";0,75;6;0,430385989447435
"sp23";"dk01";0,75;6;0,0723736888418595
"sp24";"dk01";0,75;6;0,193473416070143
"sp25";"dk01";0,75;6;0,0386139404838641
"sp26";"dk01";0,75;6;0,255351370200515
"sp27";"dk01";0,75;6;2,90677875459788
"sp28";"dk01";0,75;6;0,472977077253837
"sp29";"dk01";0,75;6;0,256529860819379
"sp30";"dk01";0,75;6;2,68695687739773
"sp01";"dk01";0,75;7;0,194261782492201
"sp02";"dk01";0,75;7;0,975459628992892
"sp03";"dk01";0,75;7;2,52300646641576
"sp04";"dk01";0,75;7;5,7303774430163
"sp05";"dk01";0,75;7;0,0823244415223598
"sp06";"dk01";0,75;7;0,42242412066616
"sp07";"dk01";0,75;7;1,08252720901729
"sp08";"dk01";0,75;7;0,0570716084749412
"sp09";"dk01";0,75;7;0,113016542047262
"sp10";"dk01";0,75;7;0,880399944534791
"sp11";"dk01";0,75;7;0,0889658915499846
"sp12";"dk01";0,75;7;0,412186865772343
"sp13";"dk01";0,75;7;0,832413402542762
"sp14";"dk01";0,75;7;0,211679515788082
"sp15";"dk01";0,75;7;3,02252294851427
"sp16";"dk01";0,75;7;0,373226740707954
"sp17";"dk01";0,75;7;0,795281955351432
"sp18";"dk01";0,75;7;1,16828897962333
"sp19";"dk01";0,75;7;1,16585757513844
"sp20";"dk01";0,75;7;1,75931507467589
"sp21";"dk01";0,75;7;0,655096916281749
"sp22";"dk01";0,75;7;1,58380447943371
"sp23";"dk01";0,75;7;0,206989808628956
"sp24";"dk01";0,75;7;1,91643970839803
"sp25";"dk01";0,75;7;1,38212320699654
"sp26";"dk01";0,75;7;2,08560928194447
"sp27";"dk01";0,75;7;0,389539253469909
"sp28";"dk01";0,75;7;0,486336257308722
"sp29";"dk01";0,75;7;0,553120788147303
"sp30";"dk01";0,75;7;6,83358556241325
"sp01";"dk01";0,75;8;0,764324750130375
"sp02";"dk01";0,75;8;3,42420620454435
"sp03";"dk01";0,75;8;0,627845369900266
"sp04";"dk01";0,75;8;2,23743809003356
"sp05";"dk01";0,75;8;0,657927725746163
"sp06";"dk01";0,75;8;0,688740943632066
"sp07";"dk01";0,75;8;1,05171109978717
"sp08";"dk01";0,75;8;0,317363514120909
"sp09";"dk01";0,75;8;0,924148540322979
"sp10";"dk01";0,75;8;2,25063711393598
"sp11";"dk01";0,75;8;3,03360410762911
"sp12";"dk01";0,75;8;0,883791056151191
"sp13";"dk01";0,75;8;0,709262068693836
"sp14";"dk01";0,75;8;0,531250667716202
"sp15";"dk01";0,75;8;1,32816449547173
"sp16";"dk01";0,75;8;3,0216824087807
"sp17";"dk01";0,75;8;2,82682393665248
"sp18";"dk01";0,75;8;0,748642259587844
"sp19";"dk01";0,75;8;1,37322180588406
"sp20";"dk01";0,75;8;1,26580382877948
"sp21";"dk01";0,75;8;2,02179062516055
"sp22";"dk01";0,75;8;5,20280520838308
"sp23";"dk01";0,75;8;0,700903666516145
"sp24";"dk01";0,75;8;0,642620444297791
"sp25";"dk01";0,75;8;2,6556436070673
"sp26";"dk01";0,75;8;3,73804213087049
"sp27";"dk01";0,75;8;8,08031890744858
"sp28";"dk01";0,75;8;3,17787276192909
"sp29";"dk01";0,75;8;1,77752819651725
"sp30";"dk01";0,75;8;4,69710804206501
"sp01";"dk01";0,75;9;0,926774350249386
"sp02";"dk01";0,75;9;2,43819969881299
"sp03";"dk01";0,75;9;2,57039418060306
"sp04";"dk01";0,75;9;1,36647180958948
"sp05";"dk01";0,75;9;1,93492718774799
"sp06";"dk01";0,75;9;1,42660875985386
"sp07";"dk01";0,75;9;0,777636870741844
"sp08";"dk01";0,75;9;0,585815671210488
"sp09";"dk01";0,75;9;4,73359293838592
"sp10";"dk01";0,75;9;1,0030624991484
"sp11";"dk01";0,75;9;2,52819369473778
"sp12";"dk01";0,75;9;0,490391055071133
"sp13";"dk01";0,75;9;0,740381903325518
"sp14";"dk01";0,75;9;0,384916473024222
"sp15";"dk01";0,75;9;0,428301055605213
"sp16";"dk01";0,75;9;1,46006127317112
"sp17";"dk01";0,75;9;3,19597839050576
"sp18";"dk01";0,75;9;0,664747567847371
"sp19";"dk01";0,75;9;0,101205639550631
"sp20";"dk01";0,75;9;3,51821626954362
"sp21";"dk01";0,75;9;1,5625464952922
"sp22";"dk01";0,75;9;0,0333717049409946
"sp23";"dk01";0,75;9;0,157413601687962
"sp24";"dk01";0,75;9;0,234124879042308
"sp25";"dk01";0,75;9;0,11717389896512
"sp26";"dk01";0,75;9;2,566303178556
"sp27";"dk01";0,75;9;3,28206577631915
"sp28";"dk01";0,75;9;2,45781890043341
"sp29";"dk01";0,75;9;0,203778072677675
"sp30";"dk01";0,75;9;1,50232776227209
"sp01";"dk01";0,75;10;1,9331873381011
"sp02";"dk01";0,75;10;1,08894245817623
"sp03";"dk01";0,75;10;0,171406398024447
"sp04";"dk01";0,75;10;2,98514213925619
"sp05";"dk01";0,75;10;0,567247852606912
"sp06";"dk01";0,75;10;0,405299178332663
"sp07";"dk01";0,75;10;0,594792988151312
"sp08";"dk01";0,75;10;1,51900273059171
"sp09";"dk01";0,75;10;1,21613828295853
"sp10";"dk01";0,75;10;0,445878829186161
"sp11";"dk01";0,75;10;2,38380261251055
"sp12";"dk01";0,75;10;1,46349029865283
"sp13";"dk01";0,75;10;2,32760162143631
"sp14";"dk01";0,75;10;0,461201618017404
"sp15";"dk01";0,75;10;2,21989155052824
"sp16";"dk01";0,75;10;0,318508479123314
"sp17";"dk01";0,75;10;0,343432950865595
"sp18";"dk01";0,75;10;1,50073190027835
"sp19";"dk01";0,75;10;0,151015295269457
"sp20";"dk01";0,75;10;0,436650169392427
"sp21";"dk01";0,75;10;1,01755056648812
"sp22";"dk01";0,75;10;0,768108151853085
"sp23";"dk01";0,75;10;5,18888622060249
"sp24";"dk01";0,75;10;0,781449592982729
"sp25";"dk01";0,75;10;2,63211107491179
"sp26";"dk01";0,75;10;1,42745277155798
"sp27";"dk01";0,75;10;2,4120883669888
"sp28";"dk01";0,75;10;2,2558790927634
"sp29";"dk01";0,75;10;3,72886543450203
"sp30";"dk01";0,75;10;1,67721765606961
"sp01";"dk02";0,625;1;0,779557999223471
"sp02";"dk02";0,625;1;2,04738838367893
"sp03";"dk02";0,625;1;0,176998126506805
"sp04";"dk02";0,625;1;1,38386860632135
"sp05";"dk02";0,625;1;1,10060886442661
"sp06";"dk02";0,625;1;1,76335040762706
"sp07";"dk02";0,625;1;0,852968914061785
"sp08";"dk02";0,625;1;3,86136868850667
"sp09";"dk02";0,625;1;0,920359396934509
"sp10";"dk02";0,625;1;0,472345077529457
"sp11";"dk02";0,625;1;1,57431627356245
"sp12";"dk02";0,625;1;1,01090973764658
"sp13";"dk02";0,625;1;0,104588502645493
"sp14";"dk02";0,625;1;0,551491698622704
"sp15";"dk02";0,625;1;0,494059366732836
"sp16";"dk02";0,625;1;0,302548421919346
"sp17";"dk02";0,625;1;4,36800911108357
"sp18";"dk02";0,625;1;2,31791578517822
"sp19";"dk02";0,625;1;2,03097415857746
"sp20";"dk02";0,625;1;0,597403347017285
"sp21";"dk02";0,625;1;0,875929468125105
"sp22";"dk02";0,625;1;1,78748650097086
"sp23";"dk02";0,625;1;0,126534711569548
"sp24";"dk02";0,625;1;2,19753917150929
"sp25";"dk02";0,625;1;0,645817784965038
"sp26";"dk02";0,625;1;1,16338124809114
"sp27";"dk02";0,625;1;2,58306203173069
"sp28";"dk02";0,625;1;1,69146043502523
"sp29";"dk02";0,625;1;0,982631129771471
"sp30";"dk02";0,625;1;2,26221310184864
"sp01";"dk02";0,625;2;5,04641463729675
"sp02";"dk02";0,625;2;2,57764525698093
"sp03";"dk02";0,625;2;3,52127456346851
"sp04";"dk02";0,625;2;1,29995255636331
"sp05";"dk02";0,625;2;2,73667204962639
"sp06";"dk02";0,625;2;0,296313116163827
"sp07";"dk02";0,625;2;0,061551820486784
"sp08";"dk02";0,625;2;0,147680884361753
"sp09";"dk02";0,625;2;3,07795837210087
"sp10";"dk02";0,625;2;3,94051289836269
"sp11";"dk02";0,625;2;3,29540674374966
"sp12";"dk02";0,625;2;0,536209887266159
"sp13";"dk02";0,625;2;0,0752469359581056
"sp14";"dk02";0,625;2;0,459802401810884
"sp15";"dk02";0,625;2;0,514703656740737
"sp16";"dk02";0,625;2;4,20446112433773
"sp17";"dk02";0,625;2;0,468373549729586
"sp18";"dk02";0,625;2;0,317331985856738
"sp19";"dk02";0,625;2;4,97071764442261
"sp20";"dk02";0,625;2;0,253735852241516
"sp21";"dk02";0,625;2;2,36959401975532
"sp22";"dk02";0,625;2;0,607948190718889
"sp23";"dk02";0,625;2;4,27086553851467
"sp24";"dk02";0,625;2;0,235009876638651
"sp25";"dk02";0,625;2;6,13810262986367
"sp26";"dk02";0,625;2;2,80108388052849
"sp27";"dk02";0,625;2;1,74424958669378
"sp28";"dk02";0,625;2;3,54037512818676
"sp29";"dk02";0,625;2;1,98513317998004
"sp30";"dk02";0,625;2;0,912971066683531
"sp01";"dk02";0,625;3;1,70355883830025
"sp02";"dk02";0,625;3;8,56562698138394
"sp03";"dk02";0,625;3;1,18739981075445
"sp04";"dk02";0,625;3;1,66279663634225
"sp05";"dk02";0,625;3;0,618284524232149
"sp06";"dk02";0,625;3;4,08542899171215
"sp07";"dk02";0,625;3;0,847242139279842
"sp08";"dk02";0,625;3;0,0454847797751427
"sp09";"dk02";0,625;3;0,193534659039536
"sp10";"dk02";0,625;3;0,230498534048744
"sp11";"dk02";0,625;3;0,945482282264764
"sp12";"dk02";0,625;3;3,67947253266674
"sp13";"dk02";0,625;3;2,61457785354523
"sp14";"dk02";0,625;3;4,3688695875774
"sp15";"dk02";0,625;3;1,58843791030192
"sp16";"dk02";0,625;3;0,174899953379802
"sp17";"dk02";0,625;3;0,0174246103940625
"sp18";"dk02";0,625;3;2,15470565997793
"sp19";"dk02";0,625;3;3,24303243146805
"sp20";"dk02";0,625;3;0,582498003381348
"sp21";"dk02";0,625;3;2,53696179972557
"sp22";"dk02";0,625;3;5,73962617780934
"sp23";"dk02";0,625;3;2,71162152559384
"sp24";"dk02";0,625;3;0,466233603656292
"sp25";"dk02";0,625;3;2,1098862081094
"sp26";"dk02";0,625;3;0,787163246423006
"sp27";"dk02";0,625;3;0,089327322691679
"sp28";"dk02";0,625;3;0,590045662969351
"sp29";"dk02";0,625;3;0,117773069441319
"sp30";"dk02";0,625;3;1,80872653709448
"sp01";"dk02";0,625;4;0,685838607698679
"sp02";"dk02";0,625;4;1,03680751845241
"sp03";"dk02";0,625;4;0,092941626906395
"sp04";"dk02";0,625;4;4,3383345750938
"sp05";"dk02";0,625;4;0,816727091372013
"sp06";"dk02";0,625;4;0,114613341540098
"sp07";"dk02";0,625;4;3,44078323464967
"sp08";"dk02";0,625;4;4,02296277562481
"sp09";"dk02";0,625;4;0,275373415648937
"sp10";"dk02";0,625;4;0,0806408236766107
"sp11";"dk02";0,625;4;0,853184159845114
"sp12";"dk02";0,625;4;0,0656789670867204
"sp13";"dk02";0,625;4;0,257408053540977
"sp14";"dk02";0,625;4;1,10366649851203
"sp15";"dk02";0,625;4;1,01353284493089
"sp16";"dk02";0,625;4;0,196173423528671
"sp17";"dk02";0,625;4;1,80844066136314
"sp18";"dk02";0,625;4;0,70188192948699
"sp19";"dk02";0,625;4;1,4493427439852
"sp20";"dk02";0,625;4;0,870034940540791
"sp21";"dk02";0,625;4;0,763707558065653
"sp22";"dk02";0,625;4;2,53628281937508
"sp23";"dk02";0,625;4;4,34938866773945
"sp24";"dk02";0,625;4;0,0964330688118935
"sp25";"dk02";0,625;4;0,273470702984214
"sp26";"dk02";0,625;4;0,98211856931448
"sp27";"dk02";0,625;4;1,27215513282253
"sp28";"dk02";0,625;4;1,0039020434022
"sp29";"dk02";0,625;4;3,27923035012154
"sp30";"dk02";0,625;4;0,875952892005444
"sp01";"dk02";0,625;5;0,645015419830204
"sp02";"dk02";0,625;5;5,70770607855091
"sp03";"dk02";0,625;5;0,988747247308493
"sp04";"dk02";0,625;5;0,0438670034218383
"sp05";"dk02";0,625;5;1,88270089470579
"sp06";"dk02";0,625;5;0,435137239451245
"sp07";"dk02";0,625;5;0,441408731838769
"sp08";"dk02";0,625;5;0,103748978674412
"sp09";"dk02";0,625;5;0,341455713514218
"sp10";"dk02";0,625;5;3,52373954931599
"sp11";"dk02";0,625;5;2,12430016838743
"sp12";"dk02";0,625;5;0,180788016098525
"sp13";"dk02";0,625;5;0,931304606050253
"sp14";"dk02";0,625;5;1,53938500278427
"sp15";"dk02";0,625;5;1,15614159100487
"sp16";"dk02";0,625;5;3,82662052193981
"sp17";"dk02";0,625;5;0,262382882833481
"sp18";"dk02";0,625;5;0,101506105065346
"sp19";"dk02";0,625;5;0,984610385447741
"sp20";"dk02";0,625;5;10,8038997375876
"sp21";"dk02";0,625;5;6,91281158185877
"sp22";"dk02";0,625;5;1,7556999026414
"sp23";"dk02";0,625;5;3,985244443811
"sp24";"dk02";0,625;5;0,196380940824747
"sp25";"dk02";0,625;5;2,34397133277325
"sp26";"dk02";0,625;5;0,438544440609128
"sp27";"dk02";0,625;5;0,90926266387105
"sp28";"dk02";0,625;5;0,599455487310953
"sp29";"dk02";0,625;5;0,709214566648007
"sp30";"dk02";0,625;5;0,486761077413605
"sp01";"dk02";0,625;6;1,65099737041428
"sp02";"dk02";0,625;6;1,21501004331205
"sp03";"dk02";0,625;6;1,57518125046212
"sp04";"dk02";0,625;6;1,81549678587153
"sp05";"dk02";0,625;6;4,61431317903482
"sp06";"dk02";0,625;6;0,860225410014391
"sp07";"dk02";0,625;6;3,80616940537792
"sp08";"dk02";0,625;6;2,09766799502804
"sp09";"dk02";0,625;6;0,0445645540981328
"sp10";"dk02";0,625;6;0,0528895509420959
"sp11";"dk02";0,625;6;0,668485902249813
"sp12";"dk02";0,625;6;1,86353729426776
"sp13";"dk02";0,625;6;1,54609037332966
"sp14";"dk02";0,625;6;2,01002316021158
"sp15";"dk02";0,625;6;0,601893971860409
"sp16";"dk02";0,625;6;0,845409265160561
"sp17";"dk02";0,625;6;0,216501078307542
"sp18";"dk02";0,625;6;9,5941568130838
"sp19";"dk02";0,625;6;2,0756535356335
"sp20";"dk02";0,625;6;3,39951703091941
"sp21";"dk02";0,625;6;1,65857280486061
"sp22";"dk02";0,625;6;0,124269994886283
"sp23";"dk02";0,625;6;1,02915826439857
"sp24";"dk02";0,625;6;0,928979396820068
"sp25";"dk02";0,625;6;7,50032322962486
"sp26";"dk02";0,625;6;4,31634307781559
"sp27";"dk02";0,625;6;0,420486818999052
"sp28";"dk02";0,625;6;1,49732024372676
"sp29";"dk02";0,625;6;0,358507785946131
"sp30";"dk02";0,625;6;1,48412478112413
"sp01";"dk02";0,625;7;0,389359219372273
"sp02";"dk02";0,625;7;0,767479548603296
"sp03";"dk02";0,625;7;0,0098480426174421
"sp04";"dk02";0,625;7;0,106147804895572
"sp05";"dk02";0,625;7;2,69492790983585
"sp06";"dk02";0,625;7;3,88094722386399
"sp07";"dk02";0,625;7;1,01423746347427
"sp08";"dk02";0,625;7;0,909881460666657
"sp09";"dk02";0,625;7;2,44770271764664
"sp10";"dk02";0,625;7;13,6802123657744
"sp11";"dk02";0,625;7;4,03500673452717
"sp12";"dk02";0,625;7;0,975793077796698
"sp13";"dk02";0,625;7;0,457257782667875
"sp14";"dk02";0,625;7;0,180293595045805
"sp15";"dk02";0,625;7;0,732909611350515
"sp16";"dk02";0,625;7;1,79604170908626
"sp17";"dk02";0,625;7;1,13810051054356
"sp18";"dk02";0,625;7;3,1635803131905
"sp19";"dk02";0,625;7;0,255676746368408
"sp20";"dk02";0,625;7;1,20991411063957
"sp21";"dk02";0,625;7;0,716233366727829
"sp22";"dk02";0,625;7;8,87867361601837
"sp23";"dk02";0,625;7;3,90013116279942
"sp24";"dk02";0,625;7;1,08133615627885
"sp25";"dk02";0,625;7;0,48262547776103
"sp26";"dk02";0,625;7;0,624534497410059
"sp27";"dk02";0,625;7;0,256596365571022
"sp28";"dk02";0,625;7;0,704289257188462
"sp29";"dk02";0,625;7;3,99144374211343
"sp30";"dk02";0,625;7;1,58105307959749
"sp01";"dk02";0,625;8;0,82119807228446
"sp02";"dk02";0,625;8;0,76218584254384
"sp03";"dk02";0,625;8;0,282451497776208
"sp04";"dk02";0,625;8;0,3646674066782
"sp05";"dk02";0,625;8;1,12911869578793
"sp06";"dk02";0,625;8;2,53000434623627
"sp07";"dk02";0,625;8;0,174624254353728
"sp08";"dk02";0,625;8;2,96848562942413
"sp09";"dk02";0,625;8;3,96052133122784
"sp10";"dk02";0,625;8;3,84660437136213
"sp11";"dk02";0,625;8;0,135079590976238
"sp12";"dk02";0,625;8;1,54689912640287
"sp13";"dk02";0,625;8;2,42415817068485
"sp14";"dk02";0,625;8;2,22404392743042
"sp15";"dk02";0,625;8;0,142532966285944
"sp16";"dk02";0,625;8;1,55290927135183
"sp17";"dk02";0,625;8;0,873472779244185
"sp18";"dk02";0,625;8;5,41946139308746
"sp19";"dk02";0,625;8;3,47313425818783
"sp20";"dk02";0,625;8;0,830438422313122
"sp21";"dk02";0,625;8;2,00040467672779
"sp22";"dk02";0,625;8;1,57078276418879
"sp23";"dk02";0,625;8;0,0133370235562325
"sp24";"dk02";0,625;8;0,249697594595669
"sp25";"dk02";0,625;8;0,661919795721769
"sp26";"dk02";0,625;8;0,10625504182654
"sp27";"dk02";0,625;8;2,24943755919501
"sp28";"dk02";0,625;8;0,248510865867138
"sp29";"dk02";0,625;8;2,42971569034386
"sp30";"dk02";0,625;8;1,89933183484509
"sp01";"dk02";0,625;9;0,0881190747022629
"sp02";"dk02";0,625;9;0,710407332330942
"sp03";"dk02";0,625;9;0,618645989894867
"sp04";"dk02";0,625;9;1,02040397003293
"sp05";"dk02";0,625;9;0,838507654517889
"sp06";"dk02";0,625;9;2,30108766542343
"sp07";"dk02";0,625;9;3,412016603149
"sp08";"dk02";0,625;9;1,86977047317459
"sp09";"dk02";0,625;9;0,898312287777662
"sp10";"dk02";0,625;9;0,241190455038055
"sp11";"dk02";0,625;9;1,05319916084409
"sp12";"dk02";0,625;9;2,66272692666916
"sp13";"dk02";0,625;9;1,72247107999387
"sp14";"dk02";0,625;9;1,46721365836904
"sp15";"dk02";0,625;9;6,10073171522389
"sp16";"dk02";0,625;9;2,2878613232222
"sp17";"dk02";0,625;9;0,85903652459383
"sp18";"dk02";0,625;9;2,11077556156351
"sp19";"dk02";0,625;9;2,49815427118058
"sp20";"dk02";0,625;9;1,7805573414882
"sp21";"dk02";0,625;9;1,07712260559201
"sp22";"dk02";0,625;9;1,94148850136234
"sp23";"dk02";0,625;9;2,22687168011669
"sp24";"dk02";0,625;9;0,489073111501652
"sp25";"dk02";0,625;9;1,59788120829298
"sp26";"dk02";0,625;9;1,19430811845495
"sp27";"dk02";0,625;9;0,748692981898785
"sp28";"dk02";0,625;9;0,120462712645531
"sp29";"dk02";0,625;9;6,89199990300471
"sp30";"dk02";0,625;9;1,01812115311623
"sp01";"dk02";0,625;10;0,572774418443441
"sp02";"dk02";0,625;10;0,459256624430418
"sp03";"dk02";0,625;10;0,262552861353554
"sp04";"dk02";0,625;10;0,604511103779078
"sp05";"dk02";0,625;10;0,356415499001741
"sp06";"dk02";0,625;10;3,64732734242779
"sp07";"dk02";0,625;10;0,180680053681135
"sp08";"dk02";0,625;10;1,19177540981009
"sp09";"dk02";0,625;10;3,06045320616631
"sp10";"dk02";0,625;10;0,752975127100945
"sp11";"dk02";0,625;10;0,474632658809423
"sp12";"dk02";0,625;10;3,10757988379864
"sp13";"dk02";0,625;10;0,701807353645563
"sp14";"dk02";0,625;10;0,630853595584631
"sp15";"dk02";0,625;10;0,509658955700771
"sp16";"dk02";0,625;10;3,87992376366955
"sp17";"dk02";0,625;10;0,086525171995163
"sp18";"dk02";0,625;10;0,344645263254643
"sp19";"dk02";0,625;10;3,76131006757122
"sp20";"dk02";0,625;10;3,24625498639015
"sp21";"dk02";0,625;10;2,65459406362442
"sp22";"dk02";0,625;10;2,10386071049406
"sp23";"dk02";0,625;10;4,5080593821698
"sp24";"dk02";0,625;10;0,136460648477077
"sp25";"dk02";0,625;10;2,14001447849705
"sp26";"dk02";0,625;10;4,25120378414494
"sp27";"dk02";0,625;10;1,08130030333996
"sp28";"dk02";0,625;10;1,89007908844187
"sp29";"dk02";0,625;10;2,18271095149948
"sp30";"dk02";0,625;10;0,775341036170721
"sp01";"dk03";0,5;1;2,19232208273354
"sp02";"dk03";0,5;1;0,159107677638531
"sp03";"dk03";0,5;1;6,51145498420963
"sp04";"dk03";0,5;1;2,78345643805414
"sp05";"dk03";0,5;1;3,69817067665939
"sp06";"dk03";0,5;1;3,55051047483869
"sp07";"dk03";0,5;1;1,31903197709471
"sp08";"dk03";0,5;1;2,12259043372216
"sp09";"dk03";0,5;1;0,270653293468058
"sp10";"dk03";0,5;1;1,05525871552527
"sp11";"dk03";0,5;1;0,858804459338438
"sp12";"dk03";0,5;1;0,0199045643851321
"sp13";"dk03";0,5;1;1,96085488426271
"sp14";"dk03";0,5;1;1,41099989858297
"sp15";"dk03";0,5;1;0,770729139447212
"sp16";"dk03";0,5;1;4,12527174858337
"sp17";"dk03";0,5;1;5,18863804577023
"sp18";"dk03";0,5;1;2,59871966569665
"sp19";"dk03";0,5;1;1,2368115503341
"sp20";"dk03";0,5;1;0,918707760050893
"sp21";"dk03";0,5;1;0,153757559135556
"sp22";"dk03";0,5;1;4,04024622330656
"sp23";"dk03";0,5;1;2,70313812783899
"sp24";"dk03";0,5;1;1,23019150830805
"sp25";"dk03";0,5;1;1,75855079316021
"sp26";"dk03";0,5;1;0,327294381335378
"sp27";"dk03";0,5;1;1,04298169072717
"sp28";"dk03";0,5;1;1,98132188237252
"sp29";"dk03";0,5;1;5,94763317670593
"sp30";"dk03";0,5;1;0,598033329471946
"sp01";"dk03";0,5;2;6,37797381523503
"sp02";"dk03";0,5;2;0,268006425254289
"sp03";"dk03";0,5;2;0,70825582370162
"sp04";"dk03";0,5;2;3,6698306648243
"sp05";"dk03";0,5;2;0,31821356434375
"sp06";"dk03";0,5;2;0,438299597240984
"sp07";"dk03";0,5;2;0,024252987179826
"sp08";"dk03";0,5;2;0,265262173488736
"sp09";"dk03";0,5;2;3,84270254133229
"sp10";"dk03";0,5;2;1,10933812055737
"sp11";"dk03";0,5;2;4,27463625521132
"sp12";"dk03";0,5;2;6,11052112247715
"sp13";"dk03";0,5;2;2,52269020854476
"sp14";"dk03";0,5;2;0,727497925981879
"sp15";"dk03";0,5;2;0,0996775161247256
"sp16";"dk03";0,5;2;0,72862133256351
"sp17";"dk03";0,5;2;5,61854329671631
"sp18";"dk03";0,5;2;4,54559831668563
"sp19";"dk03";0,5;2;1,73598204315577
"sp20";"dk03";0,5;2;12,2112009220554
"sp21";"dk03";0,5;2;0,738299808464944
"sp22";"dk03";0,5;2;0,727954008616507
"sp23";"dk03";0,5;2;0,338255122980585
"sp24";"dk03";0,5;2;0,951140118762851
"sp25";"dk03";0,5;2;0,573071116581559
"sp26";"dk03";0,5;2;8,22867644578587
"sp27";"dk03";0,5;2;3,39520856348758
"sp28";"dk03";0,5;2;0,602783828042448
"sp29";"dk03";0,5;2;2,17293578766711
"sp30";"dk03";0,5;2;0,0278792846947908
"sp01";"dk03";0,5;3;2,92695452519765
"sp02";"dk03";0,5;3;4,20739262337949
"sp03";"dk03";0,5;3;1,61347839786651
"sp04";"dk03";0,5;3;4,16155846044589
"sp05";"dk03";0,5;3;0,874555717132594
"sp06";"dk03";0,5;3;0,645133088342845
"sp07";"dk03";0,5;3;0,108211585320532
"sp08";"dk03";0,5;3;0,183882545679808
"sp09";"dk03";0,5;3;3,46054195595865
"sp10";"dk03";0,5;3;2,45102753109279
"sp11";"dk03";0,5;3;0,197717417525159
"sp12";"dk03";0,5;3;1,63389887420651
"sp13";"dk03";0,5;3;0,0606627864763141
"sp14";"dk03";0,5;3;0,322705964557827
"sp15";"dk03";0,5;3;5,95794404145009
"sp16";"dk03";0,5;3;0,639452146179122
"sp17";"dk03";0,5;3;2,46500401376727
"sp18";"dk03";0,5;3;0,223279170691967
"sp19";"dk03";0,5;3;0,526141803711653
"sp20";"dk03";0,5;3;2,61044929168167
"sp21";"dk03";0,5;3;4,9977420826716
"sp22";"dk03";0,5;3;0,407976428046823
"sp23";"dk03";0,5;3;0,272790723295071
"sp24";"dk03";0,5;3;1,94194690502229
"sp25";"dk03";0,5;3;1,71315252096575
"sp26";"dk03";0,5;3;2,15689226045253
"sp27";"dk03";0,5;3;1,15383557323366
"sp28";"dk03";0,5;3;0,396756148897111
"sp29";"dk03";0,5;3;0,585205655544996
"sp30";"dk03";0,5;3;0,656538776122034
"sp01";"dk03";0,5;4;1,81969155440711
"sp02";"dk03";0,5;4;5,98339350487957
"sp03";"dk03";0,5;4;2,52801200657501
"sp04";"dk03";0,5;4;2,19921518667581
"sp05";"dk03";0,5;4;1,37945060804486
"sp06";"dk03";0,5;4;0,59117474913102
"sp07";"dk03";0,5;4;3,7788419088531
"sp08";"dk03";0,5;4;2,04979652039545
"sp09";"dk03";0,5;4;4,40138262857623
"sp10";"dk03";0,5;4;0,767726405523717
"sp11";"dk03";0,5;4;0,286133308894932
"sp12";"dk03";0,5;4;1,09074642322958
"sp13";"dk03";0,5;4;2,08687575525584
"sp14";"dk03";0,5;4;0,0859722560271621
"sp15";"dk03";0,5;4;0,291826970875263
"sp16";"dk03";0,5;4;1,06474065314978
"sp17";"dk03";0,5;4;1,2364845527336
"sp18";"dk03";0,5;4;0,475679649971426
"sp19";"dk03";0,5;4;0,288662777282298
"sp20";"dk03";0,5;4;6,16688035394917
"sp21";"dk03";0,5;4;3,83093127964025
"sp22";"dk03";0,5;4;0,553684281185269
"sp23";"dk03";0,5;4;0,293847171589732
"sp24";"dk03";0,5;4;1,28358963597566
"sp25";"dk03";0,5;4;2,62654503426495
"sp26";"dk03";0,5;4;1,47503775629503
"sp27";"dk03";0,5;4;1,02611520793289
"sp28";"dk03";0,5;4;3,10795125720983
"sp29";"dk03";0,5;4;1,11948677431792
"sp30";"dk03";0,5;4;0,0415603443980217
"sp01";"dk03";0,5;5;1,03364080004394
"sp02";"dk03";0,5;5;2,37319825208726
"sp03";"dk03";0,5;5;1,20333714131266
"sp04";"dk03";0,5;5;0,550112030468881
"sp05";"dk03";0,5;5;0,668380213901401
"sp06";"dk03";0,5;5;2,07290251116409
"sp07";"dk03";0,5;5;1,55751792891862
"sp08";"dk03";0,5;5;0,907087264582515
"sp09";"dk03";0,5;5;1,66750994688811
"sp10";"dk03";0,5;5;3,64916319010739
"sp11";"dk03";0,5;5;4,32258703161903
"sp12";"dk03";0,5;5;0,525964692234993
"sp13";"dk03";0,5;5;4,05834799615626
"sp14";"dk03";0,5;5;5,43865778347937
"sp15";"dk03";0,5;5;1,16665157210082
"sp16";"dk03";0,5;5;0,269865705631673
"sp17";"dk03";0,5;5;0,393843444153934
"sp18";"dk03";0,5;5;0,558219140683067
"sp19";"dk03";0,5;5;2,50725582588034
"sp20";"dk03";0,5;5;3,62731988711243
"sp21";"dk03";0,5;5;5,01803408910461
"sp22";"dk03";0,5;5;1,95191515414956
"sp23";"dk03";0,5;5;1,77256656988114
"sp24";"dk03";0,5;5;12,9524636538828
"sp25";"dk03";0,5;5;0,183837977356694
"sp26";"dk03";0,5;5;1,17692198511213
"sp27";"dk03";0,5;5;0,788005724549294
"sp28";"dk03";0,5;5;1,13797785900533
"sp29";"dk03";0,5;5;2,82645569724922
"sp30";"dk03";0,5;5;2,41553893118146
"sp01";"dk03";0,5;6;2,56487458935919
"sp02";"dk03";0,5;6;1,29194243531674
"sp03";"dk03";0,5;6;0,36277395696436
"sp04";"dk03";0,5;6;0,444962192393711
"sp05";"dk03";0,5;6;0,403886483050883
"sp06";"dk03";0,5;6;0,740314208050591
"sp07";"dk03";0,5;6;0,147263714112341
"sp08";"dk03";0,5;6;2,20104283086004
"sp09";"dk03";0,5;6;5,13529224296041
"sp10";"dk03";0,5;6;0,257154863327742
"sp11";"dk03";0,5;6;0,279205503873527
"sp12";"dk03";0,5;6;4,10730331374292
"sp13";"dk03";0,5;6;2,1505951899195
"sp14";"dk03";0,5;6;0,91011803941997
"sp15";"dk03";0,5;6;3,21876180527692
"sp16";"dk03";0,5;6;1,43671726427021
"sp17";"dk03";0,5;6;2,43473955794218
"sp18";"dk03";0,5;6;0,871323411352932
"sp19";"dk03";0,5;6;5,73004212022614
"sp20";"dk03";0,5;6;1,31936131045222
"sp21";"dk03";0,5;6;2,48710222533884
"sp22";"dk03";0,5;6;0,316940927878022
"sp23";"dk03";0,5;6;10,8593792648693
"sp24";"dk03";0,5;6;1,21891577914357
"sp25";"dk03";0,5;6;3,04044141231065
"sp26";"dk03";0,5;6;0,897993992082775
"sp27";"dk03";0,5;6;1,48720170658499
"sp28";"dk03";0,5;6;0,43813718855381
"sp29";"dk03";0,5;6;0,0695684682577848
"sp30";"dk03";0,5;6;1,40498892403684
"sp01";"dk03";0,5;7;2,9089580325592
"sp02";"dk03";0,5;7;0,04136994898036
"sp03";"dk03";0,5;7;2,09071477024181
"sp04";"dk03";0,5;7;0,825183868408203
"sp05";"dk03";0,5;7;3,58434880135541
"sp06";"dk03";0,5;7;0,145371926017106
"sp07";"dk03";0,5;7;4,03023609502201
"sp08";"dk03";0,5;7;0,277105659482959
"sp09";"dk03";0,5;7;0,983219766058028
"sp10";"dk03";0,5;7;0,905505473725498
"sp11";"dk03";0,5;7;3,21360444279951
"sp12";"dk03";0,5;7;0,608177133835852
"sp13";"dk03";0,5;7;7,4058268475802
"sp14";"dk03";0,5;7;0,670470142737031
"sp15";"dk03";0,5;7;2,10849055639448
"sp16";"dk03";0,5;7;1,24694645777345
"sp17";"dk03";0,5;7;0,515597073361278
"sp18";"dk03";0,5;7;0,184758622199297
"sp19";"dk03";0,5;7;1,04501235950738
"sp20";"dk03";0,5;7;0,752676334232092
"sp21";"dk03";0,5;7;6,07387095656166
"sp22";"dk03";0,5;7;0,523961957177171
"sp23";"dk03";0,5;7;1,13008456490934
"sp24";"dk03";0,5;7;0,708776479586959
"sp25";"dk03";0,5;7;0,539553697220981
"sp26";"dk03";0,5;7;0,316224611750772
"sp27";"dk03";0,5;7;7,73234284999681
"sp28";"dk03";0,5;7;8,50082955459013
"sp29";"dk03";0,5;7;2,28783112942221
"sp30";"dk03";0,5;7;5,18617182572312
"sp01";"dk03";0,5;8;2,04865403092446
"sp02";"dk03";0,5;8;2,09053297704997
"sp03";"dk03";0,5;8;0,490497832073792
"sp04";"dk03";0,5;8;0,972717608325183
"sp05";"dk03";0,5;8;1,37452030368149
"sp06";"dk03";0,5;8;4,18279681702085
"sp07";"dk03";0,5;8;3,17681628821378
"sp08";"dk03";0,5;8;0,273902069560019
"sp09";"dk03";0,5;8;2,89152994735127
"sp10";"dk03";0,5;8;6,37480105426083
"sp11";"dk03";0,5;8;0,00642869032750659
"sp12";"dk03";0,5;8;0,674082868732512
"sp13";"dk03";0,5;8;0,419694025258757
"sp14";"dk03";0,5;8;0,845369548536837
"sp15";"dk03";0,5;8;0,914435727521777
"sp16";"dk03";0,5;8;0,202677604898576
"sp17";"dk03";0,5;8;0,278242187758855
"sp18";"dk03";0,5;8;1,96881857692244
"sp19";"dk03";0,5;8;2,9495390204895
"sp20";"dk03";0,5;8;3,14487568272238
"sp21";"dk03";0,5;8;2,50683230525794
"sp22";"dk03";0,5;8;0,532958664000034
"sp23";"dk03";0,5;8;0,467484341003001
"sp24";"dk03";0,5;8;2,71559216259959
"sp25";"dk03";0,5;8;1,67308215780068
"sp26";"dk03";0,5;8;0,783622924238443
"sp27";"dk03";0,5;8;2,46824402726235
"sp28";"dk03";0,5;8;2,99243317527657
"sp29";"dk03";0,5;8;1,0736005762592
"sp30";"dk03";0,5;8;0,721548154728574
"sp01";"dk03";0,5;9;0,224665835499763
"sp02";"dk03";0,5;9;0,121378811076283
"sp03";"dk03";0,5;9;1,77360695964637
"sp04";"dk03";0,5;9;1,76935473076048
"sp05";"dk03";0,5;9;0,902754822745919
"sp06";"dk03";0,5;9;2,40995960860493
"sp07";"dk03";0,5;9;3,92297509668355
"sp08";"dk03";0,5;9;1,46251405358504
"sp09";"dk03";0,5;9;2,1054725254977
"sp10";"dk03";0,5;9;0,922845949418843
"sp11";"dk03";0,5;9;5,32964138248199
"sp12";"dk03";0,5;9;0,936991787515581
"sp13";"dk03";0,5;9;3,34059996886139
"sp14";"dk03";0,5;9;0,461973307312347
"sp15";"dk03";0,5;9;1,95524675576928
"sp16";"dk03";0,5;9;0,778333271853626
"sp17";"dk03";0,5;9;0,742631454645126
"sp18";"dk03";0,5;9;1,45603312619084
"sp19";"dk03";0,5;9;2,13653610265794
"sp20";"dk03";0,5;9;2,88062236813788
"sp21";"dk03";0,5;9;3,00305564312224
"sp22";"dk03";0,5;9;0,473341251723468
"sp23";"dk03";0,5;9;0,6912590736094
"sp24";"dk03";0,5;9;2,45806049808635
"sp25";"dk03";0,5;9;1,70483561136311
"sp26";"dk03";0,5;9;1,79431552058997
"sp27";"dk03";0,5;9;3,08772379143124
"sp28";"dk03";0,5;9;3,85713259113913
"sp29";"dk03";0,5;9;11,7351305180027
"sp30";"dk03";0,5;9;0,676247233524919
"sp01";"dk03";0,5;10;0,613300044089556
"sp02";"dk03";0,5;10;0,550847010953654
"sp03";"dk03";0,5;10;0,001660761013444
"sp04";"dk03";0,5;10;0,62021688948517
"sp05";"dk03";0,5;10;0,662728733145512
"sp06";"dk03";0,5;10;1,98836527570131
"sp07";"dk03";0,5;10;0,108681281097233
"sp08";"dk03";0,5;10;1,71863112246933
"sp09";"dk03";0,5;10;1,01902751870533
"sp10";"dk03";0,5;10;0,678290674622575
"sp11";"dk03";0,5;10;1,46412273674252
"sp12";"dk03";0,5;10;0,964422271586955
"sp13";"dk03";0,5;10;1,48032404034924
"sp14";"dk03";0,5;10;0,876426267437637
"sp15";"dk03";0,5;10;5,34335594226546
"sp16";"dk03";0,5;10;3,39191519017475
"sp17";"dk03";0,5;10;1,69741377039793
"sp18";"dk03";0,5;10;1,31472885701805
"sp19";"dk03";0,5;10;0,728007401540409
"sp20";"dk03";0,5;10;3,1247087678123
"sp21";"dk03";0,5;10;0,336633997969329
"sp22";"dk03";0,5;10;1,3419296592474
"sp23";"dk03";0,5;10;2,61535290434005
"sp24";"dk03";0,5;10;2,00231321520152
"sp25";"dk03";0,5;10;1,26096050906926
"sp26";"dk03";0,5;10;2,38058311670067
"sp27";"dk03";0,5;10;0,395269877998833
"sp28";"dk03";0,5;10;1,72755048043075
"sp29";"dk03";0,5;10;6,05757679558043
"sp30";"dk03";0,5;10;3,27776643617039
"sp01";"dk04";0,375;1;3,21250236271544
"sp02";"dk04";0,375;1;0,136488997157402
"sp03";"dk04";0,375;1;5,47200747308579
"sp04";"dk04";0,375;1;1,45254415770372
"sp05";"dk04";0,375;1;1,44656511892875
"sp06";"dk04";0,375;1;0,606871514270703
"sp07";"dk04";0,375;1;0,121969088851247
"sp08";"dk04";0,375;1;6,00076739456425
"sp09";"dk04";0,375;1;0,843211185187101
"sp10";"dk04";0,375;1;3,62243477492256
"sp11";"dk04";0,375;1;0,848512385040522
"sp12";"dk04";0,375;1;4,37495425216942
"sp13";"dk04";0,375;1;3,10026036936146
"sp14";"dk04";0,375;1;0,0713031556751959
"sp15";"dk04";0,375;1;4,9944495258475
"sp16";"dk04";0,375;1;1,06107841432095
"sp17";"dk04";0,375;1;0,593203718432734
"sp18";"dk04";0,375;1;2,90457533288721
"sp19";"dk04";0,375;1;0,800709143280983
"sp20";"dk04";0,375;1;1,41649970536431
"sp21";"dk04";0,375;1;2,11326954336623
"sp22";"dk04";0,375;1;7,71286694163971
"sp23";"dk04";0,375;1;1,11536044623865
"sp24";"dk04";0,375;1;12,4105503254368
"sp25";"dk04";0,375;1;4,92358467457142
"sp26";"dk04";0,375;1;0,157902446885904
"sp27";"dk04";0,375;1;0,543285681965723
"sp28";"dk04";0,375;1;3,0931108915679
"sp29";"dk04";0,375;1;0,260914181934175
"sp30";"dk04";0,375;1;1,21638033911586
"sp01";"dk04";0,375;2;0,58182396615545
"sp02";"dk04";0,375;2;1,53396867588162
"sp03";"dk04";0,375;2;1,67835592726866
"sp04";"dk04";0,375;2;2,01479161243306
"sp05";"dk04";0,375;2;0,609962495664755
"sp06";"dk04";0,375;2;0,869013561556737
"sp07";"dk04";0,375;2;0,179555460810661
"sp08";"dk04";0,375;2;1,12221451724569
"sp09";"dk04";0,375;2;2,40699678399884
"sp10";"dk04";0,375;2;6,24796799288362
"sp11";"dk04";0,375;2;4,09531969803022
"sp12";"dk04";0,375;2;1,42171466723084
"sp13";"dk04";0,375;2;0,086611827044233
"sp14";"dk04";0,375;2;3,50163116046511
"sp15";"dk04";0,375;2;0,433073595828543
"sp16";"dk04";0,375;2;0,94153873170931
"sp17";"dk04";0,375;2;7,57360281502101
"sp18";"dk04";0,375;2;2,6520734229557
"sp19";"dk04";0,375;2;0,181604490925868
"sp20";"dk04";0,375;2;2,74565125225825
"sp21";"dk04";0,375;2;2,84004290672947
"sp22";"dk04";0,375;2;4,66124314541515
"sp23";"dk04";0,375;2;2,19815440653212
"sp24";"dk04";0,375;2;2,5923168384902
"sp25";"dk04";0,375;2;5,0604549544796
"sp26";"dk04";0,375;2;6,48489326774494
"sp27";"dk04";0,375;2;2,31817632624864
"sp28";"dk04";0,375;2;0,51392861828208
"sp29";"dk04";0,375;2;0,154911032862282
"sp30";"dk04";0,375;2;7,04779100881189
"sp01";"dk04";0,375;3;0,0264423819244256
"sp02";"dk04";0,375;3;0,910515470714638
"sp03";"dk04";0,375;3;1,67975742245714
"sp04";"dk04";0,375;3;8,99849933341039
"sp05";"dk04";0,375;3;1,28031959508856
"sp06";"dk04";0,375;3;1,41535858934124
"sp07";"dk04";0,375;3;2,16047444651473
"sp08";"dk04";0,375;3;0,560614705167144
"sp09";"dk04";0,375;3;5,47218250212517
"sp10";"dk04";0,375;3;0,69787068345471
"sp11";"dk04";0,375;3;0,0485195712296711
"sp12";"dk04";0,375;3;5,74746927088668
"sp13";"dk04";0,375;3;4,88734431542403
"sp14";"dk04";0,375;3;4,32893406228623
"sp15";"dk04";0,375;3;1,43588689093788
"sp16";"dk04";0,375;3;0,602575910020702
"sp17";"dk04";0,375;3;0,616840836902459
"sp18";"dk04";0,375;3;1,55802005032698
"sp19";"dk04";0,375;3;4,26569482315145
"sp20";"dk04";0,375;3;4,51166410830371
"sp21";"dk04";0,375;3;2,98376203565521
"sp22";"dk04";0,375;3;3,09117459494594
"sp23";"dk04";0,375;3;1,36408954982956
"sp24";"dk04";0,375;3;1,09237969383661
"sp25";"dk04";0,375;3;2,49240353383652
"sp26";"dk04";0,375;3;0,819287613028775
"sp27";"dk04";0,375;3;8,49989738409904
"sp28";"dk04";0,375;3;2,08668546119057
"sp29";"dk04";0,375;3;6,88578428887265
"sp30";"dk04";0,375;3;1,4331483949589
"sp01";"dk04";0,375;4;0,761463440954685
"sp02";"dk04";0,375;4;1,28985890001059
"sp03";"dk04";0,375;4;0,30109013368686
"sp04";"dk04";0,375;4;0,860878406713406
"sp05";"dk04";0,375;4;0,185303817228183
"sp06";"dk04";0,375;4;1,55545569459597
"sp07";"dk04";0,375;4;4,99198470987326
"sp08";"dk04";0,375;4;3,57298007596258
"sp09";"dk04";0,375;4;1,50185067330798
"sp10";"dk04";0,375;4;3,58609322695656
"sp11";"dk04";0,375;4;6,62116976048718
"sp12";"dk04";0,375;4;3,71125950420859
"sp13";"dk04";0,375;4;0,500735147545735
"sp14";"dk04";0,375;4;2,24051415163997
"sp15";"dk04";0,375;4;2,72554010141614
"sp16";"dk04";0,375;4;2,74726150173667
"sp17";"dk04";0,375;4;0,352947539339463
"sp18";"dk04";0,375;4;0,893335511287053
"sp19";"dk04";0,375;4;0,329494790484508
"sp20";"dk04";0,375;4;12,778908540133
"sp21";"dk04";0,375;4;4,63348791885509
"sp22";"dk04";0,375;4;0,717608542491992
"sp23";"dk04";0,375;4;7,8702749240097
"sp24";"dk04";0,375;4;5,58381345760595
"sp25";"dk04";0,375;4;1,61916171014309
"sp26";"dk04";0,375;4;4,68147026868687
"sp27";"dk04";0,375;4;0,36755103492256
"sp28";"dk04";0,375;4;2,59296437093341
"sp29";"dk04";0,375;4;0,114455291380485
"sp30";"dk04";0,375;4;1,26569774995248
"sp01";"dk04";0,375;5;1,08141273709577
"sp02";"dk04";0,375;5;0,155568118368574
"sp03";"dk04";0,375;5;0,907110974192619
"sp04";"dk04";0,375;5;1,56700849449326
"sp05";"dk04";0,375;5;2,39516192911787
"sp06";"dk04";0,375;5;3,68449699122432
"sp07";"dk04";0,375;5;0,450008939951658
"sp08";"dk04";0,375;5;3,63881888229373
"sp09";"dk04";0,375;5;3,75334706880099
"sp10";"dk04";0,375;5;5,13651792682654
"sp11";"dk04";0,375;5;6,12874513334204
"sp12";"dk04";0,375;5;3,01605643937415
"sp13";"dk04";0,375;5;7,76097033376389
"sp14";"dk04";0,375;5;7,96942571754151
"sp15";"dk04";0,375;5;2,26282299050414
"sp16";"dk04";0,375;5;5,24067741610057
"sp17";"dk04";0,375;5;1,54969414447745
"sp18";"dk04";0,375;5;0,369031220674515
"sp19";"dk04";0,375;5;0,622534641217585
"sp20";"dk04";0,375;5;6,49972612128824
"sp21";"dk04";0,375;5;1,53455300629139
"sp22";"dk04";0,375;5;5,7617583122469
"sp23";"dk04";0,375;5;6,19406631058623
"sp24";"dk04";0,375;5;6,25766420827478
"sp25";"dk04";0,375;5;1,94501657276077
"sp26";"dk04";0,375;5;0,08588774005572
"sp27";"dk04";0,375;5;0,223264229794343
"sp28";"dk04";0,375;5;8,07445297593765
"sp29";"dk04";0,375;5;5,13625567632364
"sp30";"dk04";0,375;5;0,0332297329501101
"sp01";"dk04";0,375;6;0,443844138334195
"sp02";"dk04";0,375;6;0,510668650385715
"sp03";"dk04";0,375;6;0,568297767327428
"sp04";"dk04";0,375;6;2,69444033740683
"sp05";"dk04";0,375;6;1,20385542213568
"sp06";"dk04";0,375;6;2,62345109372063
"sp07";"dk04";0,375;6;1,3600103110075
"sp08";"dk04";0,375;6;1,0303564419349
"sp09";"dk04";0,375;6;5,47496410685228
"sp10";"dk04";0,375;6;0,243418061488999
"sp11";"dk04";0,375;6;7,168319945198
"sp12";"dk04";0,375;6;7,38566356367041
"sp13";"dk04";0,375;6;0,037655251620279
"sp14";"dk04";0,375;6;1,01805048661228
"sp15";"dk04";0,375;6;5,19118693945255
"sp16";"dk04";0,375;6;2,44638024749578
"sp17";"dk04";0,375;6;2,01955034820957
"sp18";"dk04";0,375;6;1,00353795041641
"sp19";"dk04";0,375;6;0,379426458309502
"sp20";"dk04";0,375;6;2,99107737331314
"sp21";"dk04";0,375;6;3,13274906067772
"sp22";"dk04";0,375;6;4,24822526154366
"sp23";"dk04";0,375;6;3,38833551097635
"sp24";"dk04";0,375;6;0,29698078600326
"sp25";"dk04";0,375;6;0,14524569362402
"sp26";"dk04";0,375;6;2,2960598169637
"sp27";"dk04";0,375;6;2,81055105218016
"sp28";"dk04";0,375;6;0,817570526152849
"sp29";"dk04";0,375;6;1,61156726504366
"sp30";"dk04";0,375;6;1,83355309938391
"sp01";"dk04";0,375;7;1,67521939178308
"sp02";"dk04";0,375;7;2,95888958803953
"sp03";"dk04";0,375;7;1,91598499349944
"sp04";"dk04";0,375;7;0,752478174865246
"sp05";"dk04";0,375;7;0,530277747660875
"sp06";"dk04";0,375;7;5,92232756283054
"sp07";"dk04";0,375;7;0,949955746531487
"sp08";"dk04";0,375;7;2,73852856197678
"sp09";"dk04";0,375;7;0,0709370536108812
"sp10";"dk04";0,375;7;3,81414290743516
"sp11";"dk04";0,375;7;0,909916491558154
"sp12";"dk04";0,375;7;12,8140899830296
"sp13";"dk04";0,375;7;6,67720909383068
"sp14";"dk04";0,375;7;0,0839286682506402
"sp15";"dk04";0,375;7;1,15815636391441
"sp16";"dk04";0,375;7;2,27823224155827
"sp17";"dk04";0,375;7;0,665880224357049
"sp18";"dk04";0,375;7;1,3423336558044
"sp19";"dk04";0,375;7;4,60699867683099
"sp20";"dk04";0,375;7;5,99323017861614
"sp21";"dk04";0,375;7;2,14880303169482
"sp22";"dk04";0,375;7;0,986697543479977
"sp23";"dk04";0,375;7;9,48312236312644
"sp24";"dk04";0,375;7;1,31174405788382
"sp25";"dk04";0,375;7;2,30673177280747
"sp26";"dk04";0,375;7;3,21128365137898
"sp27";"dk04";0,375;7;0,694263740342734
"sp28";"dk04";0,375;7;3,77115844847774
"sp29";"dk04";0,375;7;2,30809464046084
"sp30";"dk04";0,375;7;1,46927452087402
"sp01";"dk04";0,375;8;0,479588857415071
"sp02";"dk04";0,375;8;1,71813529357314
"sp03";"dk04";0,375;8;0,904470557967822
"sp04";"dk04";0,375;8;2,63245841849569
"sp05";"dk04";0,375;8;1,76725988835096
"sp06";"dk04";0,375;8;6,94719850486686
"sp07";"dk04";0,375;8;0,438444516998758
"sp08";"dk04";0,375;8;1,99291628836317
"sp09";"dk04";0,375;8;1,23635961363713
"sp10";"dk04";0,375;8;1,04855085412661
"sp11";"dk04";0,375;8;0,663637589663267
"sp12";"dk04";0,375;8;9,34837414268271
"sp13";"dk04";0,375;8;3,35161177802804
"sp14";"dk04";0,375;8;11,8431983484063
"sp15";"dk04";0,375;8;4,40271347242044
"sp16";"dk04";0,375;8;3,15037969985329
"sp17";"dk04";0,375;8;0,0865724099179109
"sp18";"dk04";0,375;8;5,81190561717917
"sp19";"dk04";0,375;8;2,33825919020894
"sp20";"dk04";0,375;8;0,239550976703564
"sp21";"dk04";0,375;8;4,86564346132126
"sp22";"dk04";0,375;8;1,10500995938977
"sp23";"dk04";0,375;8;4,93437627418976
"sp24";"dk04";0,375;8;1,34925644472241
"sp25";"dk04";0,375;8;1,15086282237745
"sp26";"dk04";0,375;8;0,0497924085148352
"sp27";"dk04";0,375;8;6,0173191605349
"sp28";"dk04";0,375;8;9,46103331887341
"sp29";"dk04";0,375;8;1,18926697721084
"sp30";"dk04";0,375;8;2,88970351718624
"sp01";"dk04";0,375;9;10,9680849457146
"sp02";"dk04";0,375;9;1,69718728338679
"sp03";"dk04";0,375;9;1,90942597874724
"sp04";"dk04";0,375;9;3,53397670377019
"sp05";"dk04";0,375;9;0,861900032808383
"sp06";"dk04";0,375;9;6,31256282792657
"sp07";"dk04";0,375;9;0,30503006548771
"sp08";"dk04";0,375;9;0,992523291458686
"sp09";"dk04";0,375;9;2,03411438553257
"sp10";"dk04";0,375;9;0,493636501073869
"sp11";"dk04";0,375;9;0,970811631530523
"sp12";"dk04";0,375;9;1,91986284890496
"sp13";"dk04";0,375;9;2,60874348867658
"sp14";"dk04";0,375;9;4,73476385551141
"sp15";"dk04";0,375;9;0,119709567842831
"sp16";"dk04";0,375;9;6,85491504734923
"sp17";"dk04";0,375;9;7,51047746295624
"sp18";"dk04";0,375;9;4,46405125635312
"sp19";"dk04";0,375;9;5,54259297726002
"sp20";"dk04";0,375;9;0,347180906683207
"sp21";"dk04";0,375;9;4,06036706743088
"sp22";"dk04";0,375;9;8,1207775866478
"sp23";"dk04";0,375;9;0,120772580305735
"sp24";"dk04";0,375;9;6,91880729264189
"sp25";"dk04";0,375;9;17,2663859863928
"sp26";"dk04";0,375;9;5,10087842915689
"sp27";"dk04";0,375;9;0,875720527750247
"sp28";"dk04";0,375;9;1,26289248342315
"sp29";"dk04";0,375;9;2,50911989051822
"sp30";"dk04";0,375;9;2,49831306045014
"sp01";"dk04";0,375;10;5,18152016875591
"sp02";"dk04";0,375;10;0,808010941992203
"sp03";"dk04";0,375;10;0,14524819128593
"sp04";"dk04";0,375;10;8,09813797511586
"sp05";"dk04";0,375;10;6,69978423383007
"sp06";"dk04";0,375;10;4,66170073029842
"sp07";"dk04";0,375;10;0,0515265576541424
"sp08";"dk04";0,375;10;0,231728753695885
"sp09";"dk04";0,375;10;0,363226344188054
"sp10";"dk04";0,375;10;7,86168430204086
"sp11";"dk04";0,375;10;3,0971994200222
"sp12";"dk04";0,375;10;1,62527146314581
"sp13";"dk04";0,375;10;3,69601022689266
"sp14";"dk04";0,375;10;7,65513324692739
"sp15";"dk04";0,375;10;7,75433327709529
"sp16";"dk04";0,375;10;0,965580313156048
"sp17";"dk04";0,375;10;0,526536570241054
"sp18";"dk04";0,375;10;0,56217481320103
"sp19";"dk04";0,375;10;0,738064716530577
"sp20";"dk04";0,375;10;3,97438727296836
"sp21";"dk04";0,375;10;3,58867206413272
"sp22";"dk04";0,375;10;0,263977069407701
"sp23";"dk04";0,375;10;0,300395795454582
"sp24";"dk04";0,375;10;2,25662865726872
"sp25";"dk04";0,375;10;1,05970158924659
"sp26";"dk04";0,375;10;2,27841930328531
"sp27";"dk04";0,375;10;0,289965603699265
"sp28";"dk04";0,375;10;0,0410614168958376
"sp29";"dk04";0,375;10;1,2365341881911
"sp30";"dk04";0,375;10;2,0957726810249
"sp01";"dk05";0,25;1;1,26821894384921
"sp02";"dk05";0,25;1;5,15115653334146
"sp03";"dk05";0,25;1;4,40351753967324
"sp04";"dk05";0,25;1;2,60951993055642
"sp05";"dk05";0,25;1;0,381928013637662
"sp06";"dk05";0,25;1;11,4113459282352
"sp07";"dk05";0,25;1;0,832383690401912
"sp08";"dk05";0,25;1;2,7789678900115
"sp09";"dk05";0,25;1;11,2580457621052
"sp10";"dk05";0,25;1;5,75663563575516
"sp11";"dk05";0,25;1;0,906219005681438
"sp12";"dk05";0,25;1;2,74085635505617
"sp13";"dk05";0,25;1;3,79413216916804
"sp14";"dk05";0,25;1;7,24444249983797
"sp15";"dk05";0,25;1;3,58155494166498
"sp16";"dk05";0,25;1;12,7037611895039
"sp17";"dk05";0,25;1;0,0202116556465626
"sp18";"dk05";0,25;1;0,605503453120185
"sp19";"dk05";0,25;1;0,592588044703007
"sp20";"dk05";0,25;1;1,19952170665361
"sp21";"dk05";0,25;1;10,6224436233367
"sp22";"dk05";0,25;1;1,55447198450565
"sp23";"dk05";0,25;1;0,10024718351311
"sp24";"dk05";0,25;1;10,8123819450463
"sp25";"dk05";0,25;1;4,76070592908149
"sp26";"dk05";0,25;1;1,28314138948917
"sp27";"dk05";0,25;1;1,13034064695239
"sp28";"dk05";0,25;1;1,19857263811137
"sp29";"dk05";0,25;1;1,79914724693736
"sp30";"dk05";0,25;1;1,16378736123443
"sp01";"dk05";0,25;2;4,90125471709256
"sp02";"dk05";0,25;2;2,94005425551451
"sp03";"dk05";0,25;2;3,2029636384714
"sp04";"dk05";0,25;2;5,70512568171988
"sp05";"dk05";0,25;2;3,03052483975512
"sp06";"dk05";0,25;2;1,48372372426093
"sp07";"dk05";0,25;2;3,57873313857203
"sp08";"dk05";0,25;2;6,20650512691507
"sp09";"dk05";0,25;2;0,148103110492229
"sp10";"dk05";0,25;2;1,25653636269271
"sp11";"dk05";0,25;2;3,5995758676135
"sp12";"dk05";0,25;2;0,884222954511642
"sp13";"dk05";0,25;2;0,5487708337605
"sp14";"dk05";0,25;2;1,36083308994067
"sp15";"dk05";0,25;2;13,6409021013214
"sp16";"dk05";0,25;2;1,21041030193072
"sp17";"dk05";0,25;2;0,639548508450389
"sp18";"dk05";0,25;2;7,58184330131779
"sp19";"dk05";0,25;2;0,272359586984674
"sp20";"dk05";0,25;2;3,60109610838776
"sp21";"dk05";0,25;2;0,969925908371806
"sp22";"dk05";0,25;2;5,96487004276285
"sp23";"dk05";0,25;2;1,49055043235421
"sp24";"dk05";0,25;2;0,361903058266987
"sp25";"dk05";0,25;2;4,93948373609909
"sp26";"dk05";0,25;2;3,84178859028827
"sp27";"dk05";0,25;2;5,46778843535071
"sp28";"dk05";0,25;2;1,11058091037313
"sp29";"dk05";0,25;2;5,35132822005038
"sp30";"dk05";0,25;2;2,56714129634202
"sp01";"dk05";0,25;3;1,59242421202362
"sp02";"dk05";0,25;3;5,3029019719172
"sp03";"dk05";0,25;3;12,3175981932117
"sp04";"dk05";0,25;3;1,99150548689067
"sp05";"dk05";0,25;3;3,97190942970996
"sp06";"dk05";0,25;3;0,279784551554175
"sp07";"dk05";0,25;3;0,654557323083282
"sp08";"dk05";0,25;3;4,90749315900688
"sp09";"dk05";0,25;3;9,00514248708143
"sp10";"dk05";0,25;3;7,70484817739496
"sp11";"dk05";0,25;3;5,41366635246163
"sp12";"dk05";0,25;3;1,92944711260498
"sp13";"dk05";0,25;3;4,56595865247731
"sp14";"dk05";0,25;3;0,596894608810544
"sp15";"dk05";0,25;3;17,6117852469137
"sp16";"dk05";0,25;3;2,06011698306411
"sp17";"dk05";0,25;3;2,77076401934028
"sp18";"dk05";0,25;3;0,809922002973161
"sp19";"dk05";0,25;3;3,93991205079441
"sp20";"dk05";0,25;3;0,356071207672358
"sp21";"dk05";0,25;3;2,90169067291503
"sp22";"dk05";0,25;3;1,87642062455416
"sp23";"dk05";0,25;3;0,0556460004299879
"sp24";"dk05";0,25;3;1,13102784380317
"sp25";"dk05";0,25;3;8,99616057375326
"sp26";"dk05";0,25;3;0,146649136271483
"sp27";"dk05";0,25;3;1,8399375975132
"sp28";"dk05";0,25;3;4,10673014003199
"sp29";"dk05";0,25;3;6,00299460407267
"sp30";"dk05";0,25;3;4,8993855564106
"sp01";"dk05";0,25;4;6,47416118498812
"sp02";"dk05";0,25;4;7,73008033599625
"sp03";"dk05";0,25;4;1,51972105354071
"sp04";"dk05";0,25;4;11,5986452187294
"sp05";"dk05";0,25;4;0,521794984099013
"sp06";"dk05";0,25;4;8,62920965948954
"sp07";"dk05";0,25;4;1,93996876478195
"sp08";"dk05";0,25;4;1,24423616938293
"sp09";"dk05";0,25;4;8,49905843346286
"sp10";"dk05";0,25;4;6,6601409014679
"sp11";"dk05";0,25;4;1,90993388742208
"sp12";"dk05";0,25;4;15,3568755676793
"sp13";"dk05";0,25;4;8,72846467853343
"sp14";"dk05";0,25;4;2,53304794989526
"sp15";"dk05";0,25;4;1,04970657078677
"sp16";"dk05";0,25;4;3,33008323220496
"sp17";"dk05";0,25;4;4,30914242921357
"sp18";"dk05";0,25;4;0,180282946676016
"sp19";"dk05";0,25;4;7,09972947705427
"sp20";"dk05";0,25;4;0,676282073405467
"sp21";"dk05";0,25;4;0,194857722888841
"sp22";"dk05";0,25;4;0,285626246811535
"sp23";"dk05";0,25;4;8,52814250388994
"sp24";"dk05";0,25;4;8,12816421653996
"sp25";"dk05";0,25;4;0,989590564742684
"sp26";"dk05";0,25;4;10,654526002201
"sp27";"dk05";0,25;4;5,30241936428433
"sp28";"dk05";0,25;4;1,26399594545364
"sp29";"dk05";0,25;4;1,31440585511209
"sp30";"dk05";0,25;4;0,609057540073991
"sp01";"dk05";0,25;5;3,69549135101919
"sp02";"dk05";0,25;5;9,46232863380862
"sp03";"dk05";0,25;5;0,521063579953476
"sp04";"dk05";0,25;5;4,69065364060884
"sp05";"dk05";0,25;5;17,9185369755401
"sp06";"dk05";0,25;5;8,49795972080926
"sp07";"dk05";0,25;5;0,774315340444446
"sp08";"dk05";0,25;5;11,9490993016197
"sp09";"dk05";0,25;5;6,54773724045525
"sp10";"dk05";0,25;5;2,91614266840701
"sp11";"dk05";0,25;5;0,80276832357049
"sp12";"dk05";0,25;5;2,68450941331685
"sp13";"dk05";0,25;5;1,29593507945538
"sp14";"dk05";0,25;5;7,60761931504975
"sp15";"dk05";0,25;5;1,47870950929636
"sp16";"dk05";0,25;5;7,47136591341267
"sp17";"dk05";0,25;5;5,41269297508483
"sp18";"dk05";0,25;5;2,82944794256118
"sp19";"dk05";0,25;5;0,686693536117673
"sp20";"dk05";0,25;5;0,632699412322297
"sp21";"dk05";0,25;5;0,626168064773083
"sp22";"dk05";0,25;5;3,10628868995195
"sp23";"dk05";0,25;5;0,0890263710170984
"sp24";"dk05";0,25;5;0,573215772513931
"sp25";"dk05";0,25;5;1,20245710201561
"sp26";"dk05";0,25;5;8,24262384291659
"sp27";"dk05";0,25;5;1,06524920179485
"sp28";"dk05";0,25;5;4,21743315541912
"sp29";"dk05";0,25;5;5,45366489497905
"sp30";"dk05";0,25;5;2,99184008298402
"sp01";"dk05";0,25;6;0,475344656035304
"sp02";"dk05";0,25;6;1,29952038265765
"sp03";"dk05";0,25;6;3,06991390867119
"sp04";"dk05";0,25;6;3,17920368520503
"sp05";"dk05";0,25;6;6,01996765997181
"sp06";"dk05";0,25;6;5,68210781332026
"sp07";"dk05";0,25;6;1,79987875185907
"sp08";"dk05";0,25;6;1,47663367725909
"sp09";"dk05";0,25;6;0,112540493965668
"sp10";"dk05";0,25;6;5,077148534577
"sp11";"dk05";0,25;6;9,36865507760897
"sp12";"dk05";0,25;6;2,34109046310186
"sp13";"dk05";0,25;6;5,05541877431755
"sp14";"dk05";0,25;6;4,88557685141015
"sp15";"dk05";0,25;6;6,47825487669478
"sp16";"dk05";0,25;6;2,96969125030522
"sp17";"dk05";0,25;6;2,54472162947059
"sp18";"dk05";0,25;6;3,88814056647902
"sp19";"dk05";0,25;6;11,7910427426175
"sp20";"dk05";0,25;6;5,01068017614966
"sp21";"dk05";0,25;6;5,72987206991682
"sp22";"dk05";0,25;6;8,63882512548819
"sp23";"dk05";0,25;6;6,13147994097242
"sp24";"dk05";0,25;6;1,80529667250812
"sp25";"dk05";0,25;6;0,264636889100075
"sp26";"dk05";0,25;6;4,94184434397106
"sp27";"dk05";0,25;6;0,4783881213516
"sp28";"dk05";0,25;6;1,36076580622058
"sp29";"dk05";0,25;6;0,714166020974517
"sp30";"dk05";0,25;6;16,5225381470265
"sp01";"dk05";0,25;7;1,54162920452654
"sp02";"dk05";0,25;7;1,03128356859088
"sp03";"dk05";0,25;7;0,315037677064538
"sp04";"dk05";0,25;7;6,22316829081545
"sp05";"dk05";0,25;7;5,63887100633154
"sp06";"dk05";0,25;7;12,0719432060439
"sp07";"dk05";0,25;7;19,7337128582755
"sp08";"dk05";0,25;7;5,26238699613099
"sp09";"dk05";0,25;7;3,9820777660418
"sp10";"dk05";0,25;7;2,91430071381725
"sp11";"dk05";0,25;7;12,5822934799625
"sp12";"dk05";0,25;7;6,93915566023359
"sp13";"dk05";0,25;7;1,28440980613232
"sp14";"dk05";0,25;7;3,00005637723511
"sp15";"dk05";0,25;7;0,0290180742740631
"sp16";"dk05";0,25;7;5,75490242954264
"sp17";"dk05";0,25;7;0,493824020028114
"sp18";"dk05";0,25;7;0,550171548500657
"sp19";"dk05";0,25;7;1,43736860106392
"sp20";"dk05";0,25;7;0,479823119938374
"sp21";"dk05";0,25;7;0,432887675240636
"sp22";"dk05";0,25;7;0,647232701026179
"sp23";"dk05";0,25;7;0,344039838761091
"sp24";"dk05";0,25;7;2,55358688533306
"sp25";"dk05";0,25;7;4,71934266744142
"sp26";"dk05";0,25;7;0,094552980735898
"sp27";"dk05";0,25;7;2,00172205708426
"sp28";"dk05";0,25;7;1,15605343878269
"sp29";"dk05";0,25;7;0,531933109745399
"sp30";"dk05";0,25;7;8,31570798870096
"sp01";"dk05";0,25;8;2,35349904559553
"sp02";"dk05";0,25;8;1,44002600137428
"sp03";"dk05";0,25;8;1,93695429526269
"sp04";"dk05";0,25;8;9,76685631969824
"sp05";"dk05";0,25;8;12,8224869065716
"sp06";"dk05";0,25;8;13,1731105440094
"sp07";"dk05";0,25;8;1,80356918461621
"sp08";"dk05";0,25;8;5,05868436751847
"sp09";"dk05";0,25;8;1,14633896245343
"sp10";"dk05";0,25;8;4,48718078790193
"sp11";"dk05";0,25;8;0,50139126740396
"sp12";"dk05";0,25;8;0,996906947344542
"sp13";"dk05";0,25;8;0,645124927163124
"sp14";"dk05";0,25;8;0,958632528781891
"sp15";"dk05";0,25;8;3,07018024716055
"sp16";"dk05";0,25;8;0,56311591155827
"sp17";"dk05";0,25;8;6,97771319293957
"sp18";"dk05";0,25;8;0,299882475286722
"sp19";"dk05";0,25;8;3,41363665062574
"sp20";"dk05";0,25;8;2,8500855259192
"sp21";"dk05";0,25;8;1,90319138579071
"sp22";"dk05";0,25;8;3,00066675601487
"sp23";"dk05";0,25;8;2,97039121372585
"sp24";"dk05";0,25;8;1,45579185150564
"sp25";"dk05";0,25;8;0,976999652328133
"sp26";"dk05";0,25;8;0,165717492827664
"sp27";"dk05";0,25;8;2,4960306622088
"sp28";"dk05";0,25;8;13,2496452026798
"sp29";"dk05";0,25;8;1,42991464398801
"sp30";"dk05";0,25;8;6,16361937638292
"sp01";"dk05";0,25;9;0,137796571478248
"sp02";"dk05";0,25;9;0,377677239477634
"sp03";"dk05";0,25;9;4,22557153535967
"sp04";"dk05";0,25;9;0,731881891710631
"sp05";"dk05";0,25;9;1,32737227715552
"sp06";"dk05";0,25;9;8,64816818335905
"sp07";"dk05";0,25;9;4,24045866711025
"sp08";"dk05";0,25;9;1,63905089907348
"sp09";"dk05";0,25;9;4,65173414332752
"sp10";"dk05";0,25;9;0,142053264665918
"sp11";"dk05";0,25;9;16,392708442265
"sp12";"dk05";0,25;9;1,69638307951391
"sp13";"dk05";0,25;9;3,20914562042656
"sp14";"dk05";0,25;9;3,43270581198816
"sp15";"dk05";0,25;9;1,38603870943189
"sp16";"dk05";0,25;9;3,07299512607937
"sp17";"dk05";0,25;9;0,589401088654995
"sp18";"dk05";0,25;9;0,275928767301337
"sp19";"dk05";0,25;9;3,23991524038796
"sp20";"dk05";0,25;9;9,03336859444037
"sp21";"dk05";0,25;9;0,261774199083447
"sp22";"dk05";0,25;9;0,995727058500051
"sp23";"dk05";0,25;9;9,31554392674818
"sp24";"dk05";0,25;9;12,895110054634
"sp25";"dk05";0,25;9;1,74788886494935
"sp26";"dk05";0,25;9;2,26932090334594
"sp27";"dk05";0,25;9;0,369221802507608
"sp28";"dk05";0,25;9;1,6329826079309
"sp29";"dk05";0,25;9;1,78056781738997
"sp30";"dk05";0,25;9;4,60977243242746
"sp01";"dk05";0,25;10;0,254536102548996
"sp02";"dk05";0,25;10;2,70614371448755
"sp03";"dk05";0,25;10;8,41115418771162
"sp04";"dk05";0,25;10;5,6095559072114
"sp05";"dk05";0,25;10;1,28925188444555
"sp06";"dk05";0,25;10;5,91512595828543
"sp07";"dk05";0,25;10;14,4613215542378
"sp08";"dk05";0,25;10;13,0122066133453
"sp09";"dk05";0,25;10;3,32362579164987
"sp10";"dk05";0,25;10;1,92111532762647
"sp11";"dk05";0,25;10;3,15307816645213
"sp12";"dk05";0,25;10;1,47383005544543
"sp13";"dk05";0,25;10;1,88969107531011
"sp14";"dk05";0,25;10;5,06098320122192
"sp15";"dk05";0,25;10;7,44430161233912
"sp16";"dk05";0,25;10;2,25356900319457
"sp17";"dk05";0,25;10;5,4970106629837
"sp18";"dk05";0,25;10;3,96526895074134
"sp19";"dk05";0,25;10;6,58864447440872
"sp20";"dk05";0,25;10;0,722135404124856
"sp21";"dk05";0,25;10;3,95693398379302
"sp22";"dk05";0,25;10;0,710869170046017
"sp23";"dk05";0,25;10;7,53070469912062
"sp24";"dk05";0,25;10;0,728616582229733
"sp25";"dk05";0,25;10;2,40885776467621
"sp26";"dk05";0,25;10;3,28984136450102
"sp27";"dk05";0,25;10;7,41476905312309
"sp28";"dk05";0,25;10;3,11288058368449
"sp29";"dk05";0,25;10;0,262869276106358
"sp30";"dk05";0,25;10;0,597106477388298
