"landscape.category";"network.category";"dispersal.category";"replicate";"raw.communicability";"max.communicability"
"sa01";"dd01";"dk01";1;0,00320115219450015;3,63623756187394e+66
"sa01";"dd01";"dk01";10;0,00299841065570136;1,02166185911703e+71
"sa01";"dd01";"dk01";2;0,00230589156473615;1,22369730031506e+77
"sa01";"dd01";"dk01";3;0,00267431184483323;2,0327611464312e+85
"sa01";"dd01";"dk01";4;0,00263005461757977;1,27452924018987e+53
"sa01";"dd01";"dk01";5;0,00212188907060904;4,89273658631718e+43
"sa01";"dd01";"dk01";6;0,00224254301651784;4,34610534722923e+26
"sa01";"dd01";"dk01";7;0,00362240383906762;2,48614355026671e+113
"sa01";"dd01";"dk01";8;0,00425193102126038;8,47922688548514e+33
"sa01";"dd01";"dk01";9;0,00349822811995656;2,50484418718628e+22
"sa01";"dd01";"dk02";1;0,00335009259822101;1,3863899962652e+69
"sa01";"dd01";"dk02";10;0,00316945691513207;1,95823155159979e+71
"sa01";"dd01";"dk02";2;0,00315435170863848;3,59317031054008e+74
"sa01";"dd01";"dk02";3;0,00336963539920875;2,2711757052853e+80
"sa01";"dd01";"dk02";4;0,00298117249577522;3,31390931902077e+76
"sa01";"dd01";"dk02";5;0,0024312551216065;2,12527388166118e+52
"sa01";"dd01";"dk02";6;0,00426856606919792;1,47856105591039e+83
"sa01";"dd01";"dk02";7;0,00432328130779001;2,93376548649214e+101
"sa01";"dd01";"dk02";8;0,00348800530491909;7,13824643207742e+25
"sa01";"dd01";"dk02";9;0,00322013688869788;1,63390475294184e+34
"sa01";"dd01";"dk03";1;0,00373466918030147;7,53911202422329e+72
"sa01";"dd01";"dk03";10;0,00320015947470481;3,18111313779414e+70
"sa01";"dd01";"dk03";2;0,00284328110973087;6,85119185690762e+68
"sa01";"dd01";"dk03";3;0,00314006806851159;8,58291282551147e+50
"sa01";"dd01";"dk03";4;0,00337472400426284;6,01428371569198e+82
"sa01";"dd01";"dk03";5;0,00327547801998704;1,105500079722e+71
"sa01";"dd01";"dk03";6;0,00365861459082078;2,15881766496708e+95
"sa01";"dd01";"dk03";7;0,00397557661527537;8,8643363039449e+70
"sa01";"dd01";"dk03";8;0,00377224120056499;6,70858640719757e+47
"sa01";"dd01";"dk03";9;0,00370163304282243;1,40056004328143e+30
"sa01";"dd01";"dk04";1;0,00325356620102403;3,80940872554719e+60
"sa01";"dd01";"dk04";10;0,003074195216959;3,97399555945567e+64
"sa01";"dd01";"dk04";2;0,00361925097154011;8,27029179305437e+81
"sa01";"dd01";"dk04";3;0,00464587552634102;8,87290540573797e+77
"sa01";"dd01";"dk04";4;0,00414330167141298;6,03075635445526e+83
"sa01";"dd01";"dk04";5;0,00313672223038798;5,99742987856292e+56
"sa01";"dd01";"dk04";6;0,00423591603766945;1,30987112794286e+50
"sa01";"dd01";"dk04";7;0,00443410196501767;7,5373123370455e+90
"sa01";"dd01";"dk04";8;0,00479954553819488;8,81599391996761e+49
"sa01";"dd01";"dk04";9;0,00385351240017826;8,56507674288019e+26
"sa01";"dd01";"dk05";1;0,00466217268363082;1,23405342210669e+67
"sa01";"dd01";"dk05";10;0,00407956035752921;1,93195880994936e+77
"sa01";"dd01";"dk05";2;0,00417342941232925;1,05999849491873e+86
"sa01";"dd01";"dk05";3;0,00507024508630876;5,62187932144577e+65
"sa01";"dd01";"dk05";4;0,00431038432339813;6,72851844451296e+90
"sa01";"dd01";"dk05";5;0,00321311561745612;2,55914798537024e+56
"sa01";"dd01";"dk05";6;0,00502563406599564;2,15236243510887e+97
"sa01";"dd01";"dk05";7;0,00637985117959937;8,13947932435974e+97
"sa01";"dd01";"dk05";8;0,00463463834514159;1,69649379356316e+24
"sa01";"dd01";"dk05";9;0,00381819646116763;7,96407018825225e+36
"sa02";"dd01";"dk01";1;0,00337829687421175;4,79193338646577e+58
"sa02";"dd01";"dk01";10;0,00326180351710706;5,98994716685916e+80
"sa02";"dd01";"dk01";2;0,00222017087526919;2,18000380565682e+75
"sa02";"dd01";"dk01";3;0,0021229680934583;8,79171530429336e+34
"sa02";"dd01";"dk01";4;0,0027437697295954;1,74781671605935e+46
"sa02";"dd01";"dk01";5;0,00233204171612081;3,04729476355884e+55
"sa02";"dd01";"dk01";6;0,00229680199695991;2,62972008969833e+21
"sa02";"dd01";"dk01";7;0,00489821924701513;3,45900519607535e+119
"sa02";"dd01";"dk01";8;0,0040740270533355;2,11134216046791e+23
"sa02";"dd01";"dk01";9;0,00332717974060283;4,08390840267619e+20
"sa02";"dd01";"dk02";1;0,00347616740635199;2,0104038953866e+79
"sa02";"dd01";"dk02";10;0,00317507833759101;5,70604436070224e+88
"sa02";"dd01";"dk02";2;0,0031560625625352;1,87584549542956e+59
"sa02";"dd01";"dk02";3;0,00266343194720211;4,02166843536168e+50
"sa02";"dd01";"dk02";4;0,00321937546950109;3,8197261663597e+69
"sa02";"dd01";"dk02";5;0,00243709650536337;4,98494499814009e+44
"sa02";"dd01";"dk02";6;0,00408198239709236;6,54137711948597e+61
"sa02";"dd01";"dk02";7;0,00602271828073583;1,04468684025395e+113
"sa02";"dd01";"dk02";8;0,00347552190913659;1,22816462142108e+33
"sa02";"dd01";"dk02";9;0,00331859593061132;8,5667466145551e+35
"sa02";"dd01";"dk03";1;0,0037558036225003;9,48992315694697e+84
"sa02";"dd01";"dk03";10;0,00320256746319522;4,02186014907448e+91
"sa02";"dd01";"dk03";2;0,00269606502176903;1,05126719309181e+68
"sa02";"dd01";"dk03";3;0,0025168710466613;3,57742578599645e+44
"sa02";"dd01";"dk03";4;0,00338058286501164;3,3319977172458e+89
"sa02";"dd01";"dk03";5;0,00316095796193786;1,37854783619967e+67
"sa02";"dd01";"dk03";6;0,00370925212365392;6,89777170905419e+80
"sa02";"dd01";"dk03";7;0,0055482352027951;2,12392046240294e+101
"sa02";"dd01";"dk03";8;0,00365878635466708;3,0783546456292e+53
"sa02";"dd01";"dk03";9;0,00370663727148204;9,86518568113812e+22
"sa02";"dd01";"dk04";1;0,00356090615222166;3,69942048719351e+92
"sa02";"dd01";"dk04";10;0,00308614052658933;3,60607473258903e+63
"sa02";"dd01";"dk04";2;0,00353706972169685;3,81526073043958e+82
"sa02";"dd01";"dk04";3;0,00334315289823475;2,10735442747929e+63
"sa02";"dd01";"dk04";4;0,00412131732460953;7,32832383713696e+85
"sa02";"dd01";"dk04";5;0,0031966797644076;2,24418563793555e+61
"sa02";"dd01";"dk04";6;0,00406079755628931;5,74399901313062e+74
"sa02";"dd01";"dk04";7;0,00660438455620618;4,85757868203093e+105
"sa02";"dd01";"dk04";8;0,00468687195540745;5,99965744562157e+48
"sa02";"dd01";"dk04";9;0,00398563062330653;4,73436175441042e+24
"sa02";"dd01";"dk05";1;0,0048351472738069;2,29627040297969e+68
"sa02";"dd01";"dk05";10;0,00428528987305394;2,83090038512483e+86
"sa02";"dd01";"dk05";2;0,00430631757403723;1,67217881820847e+80
"sa02";"dd01";"dk05";3;0,00346128753238748;1,66657966329171e+41
"sa02";"dd01";"dk05";4;0,00473566393472323;3,69609442674522e+100
"sa02";"dd01";"dk05";5;0,00358506472260509;2,66943998107336e+72
"sa02";"dd01";"dk05";6;0,00499060954982822;8,59729126832193e+94
"sa02";"dd01";"dk05";7;0,0112098543149562;1,66146893353023e+71
"sa02";"dd01";"dk05";8;0,00448862006087864;5,08155900548152e+27
"sa02";"dd01";"dk05";9;0,00387645638374588;1,78965379904348e+35
"sa03";"dd01";"dk01";1;0,00324799869023747;4,62207194165628e+66
"sa03";"dd01";"dk01";10;0,00316234627636773;7,36034495762352e+68
"sa03";"dd01";"dk01";2;0,00223280271413232;4,21577046452666e+73
"sa03";"dd01";"dk01";3;0,00222737885495893;7,65904582762209e+46
"sa03";"dd01";"dk01";4;0,00276838604919197;4,59290066313679e+49
"sa03";"dd01";"dk01";5;0,00239652025272399;9,4874580943077e+45
"sa03";"dd01";"dk01";6;0,00239254249480786;2,92382710731655e+32
"sa03";"dd01";"dk01";7;0,00349264772552915;1,81768127168949e+118
"sa03";"dd01";"dk01";8;0,00422057471601886;3,30508719776204e+28
"sa03";"dd01";"dk01";9;0,00303185412010002;14828953717502642
"sa03";"dd01";"dk02";1;0,00337938933472594;2,71031932829156e+84
"sa03";"dd01";"dk02";10;0,00313906918908136;1,65449583614663e+80
"sa03";"dd01";"dk02";2;0,00322166060390985;1,92124517799051e+61
"sa03";"dd01";"dk02";3;0,00268164621668449;2,14218593727851e+64
"sa03";"dd01";"dk02";4;0,00319578849292412;1,23825818034495e+68
"sa03";"dd01";"dk02";5;0,0024457378094082;2,68553994143609e+37
"sa03";"dd01";"dk02";6;0,00437322082078737;4,91814762407438e+86
"sa03";"dd01";"dk02";7;0,00436883965681732;1,05208536819217e+99
"sa03";"dd01";"dk02";8;0,00358515664510762;1,03042839295536e+70
"sa03";"dd01";"dk02";9;0,00382306291096002;4,69050675946826e+30
"sa03";"dd01";"dk03";1;0,00380366447842385;1,32353761014806e+73
"sa03";"dd01";"dk03";10;0,00324408677888037;5,21680787466711e+69
"sa03";"dd01";"dk03";2;0,00277339640830727;7,34386261149636e+54
"sa03";"dd01";"dk03";3;0,00253776083623683;1,2912697751181e+34
"sa03";"dd01";"dk03";4;0,00346705995939312;3,00473119469523e+92
"sa03";"dd01";"dk03";5;0,00313045181049667;3,5154098850668e+50
"sa03";"dd01";"dk03";6;0,00382583430482214;4,03726437014523e+96
"sa03";"dd01";"dk03";7;0,00392559581006464;3,92572696948152e+90
"sa03";"dd01";"dk03";8;0,00375979105266662;4,13844997280665e+38
"sa03";"dd01";"dk03";9;0,00409990150422043;3,96975303231126e+39
"sa03";"dd01";"dk04";1;0,00325608331998573;1,27666135103925e+58
"sa03";"dd01";"dk04";10;0,003091939366313;1,05470404683256e+54
"sa03";"dd01";"dk04";2;0,00356302664533474;7,28429068266858e+53
"sa03";"dd01";"dk04";3;0,0033918341712227;9,95200517917307e+59
"sa03";"dd01";"dk04";4;0,0041443809787342;4,97685457788868e+86
"sa03";"dd01";"dk04";5;0,00325364192539532;7,28308169994415e+53
"sa03";"dd01";"dk04";6;0,00449725911965926;5,63330216909015e+101
"sa03";"dd01";"dk04";7;0,00459146298258574;1,66859569566501e+115
"sa03";"dd01";"dk04";8;0,00486253112620445;7,62599599358863e+66
"sa03";"dd01";"dk04";9;0,00421193259711243;2,11197833902838e+32
"sa03";"dd01";"dk05";1;0,00483424634876692;4,56973827691032e+54
"sa03";"dd01";"dk05";10;0,00404540131670686;2,61152316818677e+52
"sa03";"dd01";"dk05";2;0,0041641890798369;2,52075681928571e+81
"sa03";"dd01";"dk05";3;0,00355327507052971;3,35328413391422e+52
"sa03";"dd01";"dk05";4;0,00474313730124682;9,19132693230522e+102
"sa03";"dd01";"dk05";5;0,00366098088244182;2,22626552645338e+73
"sa03";"dd01";"dk05";6;0,00508146934544455;2,78754253885733e+102
"sa03";"dd01";"dk05";7;0,00665593833205417;2,41366288872557e+76
"sa03";"dd01";"dk05";8;0,00462031904123463;1,11270544926364e+50
"sa03";"dd01";"dk05";9;0,00446265488473999;5,10641579210777e+45
"sa04";"dd01";"dk01";1;0,00324204430552327;2,03242281234824e+57
"sa04";"dd01";"dk01";10;0,00322320737239143;2,01066725596367e+69
"sa04";"dd01";"dk01";2;0,00230549485609399;9,68779878950352e+69
"sa04";"dd01";"dk01";3;0,00217996047217335;6,67626283566003e+46
"sa04";"dd01";"dk01";4;0,00278871683302005;1,05846119884002e+51
"sa04";"dd01";"dk01";5;0,00225965818080603;1,25327123253728e+50
"sa04";"dd01";"dk01";6;0,00239139520221909;24829299270007279616
"sa04";"dd01";"dk01";7;0,00348727086794253;5,49759099122197e+108
"sa04";"dd01";"dk01";8;0,00419628899257971;4,29724117543872e+22
"sa04";"dd01";"dk01";9;0,00329337985066539;710457165670,544
"sa04";"dd01";"dk02";1;0,00339571991782269;2,2061391253004e+94
"sa04";"dd01";"dk02";10;0,00316584399435747;7,12180269010756e+81
"sa04";"dd01";"dk02";2;0,00326835827979182;1,43744848208116e+48
"sa04";"dd01";"dk02";3;0,00269738959646306;3,60819218482656e+56
"sa04";"dd01";"dk02";4;0,00317296246519105;1,98561937103922e+79
"sa04";"dd01";"dk02";5;0,00247024602929713;3,6670215888032e+46
"sa04";"dd01";"dk02";6;0,00446627511447034;1,3457876995742e+88
"sa04";"dd01";"dk02";7;0,00436246085762755;1,03262888191478e+97
"sa04";"dd01";"dk02";8;0,00345970584893674;9,55253230358576e+62
"sa04";"dd01";"dk02";9;0,00356270831310424;2,49968501481092e+26
"sa04";"dd01";"dk03";1;0,00377237829680442;2,75679448161105e+65
"sa04";"dd01";"dk03";10;0,00330568986328704;1,55048281475391e+86
"sa04";"dd01";"dk03";2;0,00270261399393958;1,73812019185301e+45
"sa04";"dd01";"dk03";3;0,0025979688664216;1,85539153393231e+36
"sa04";"dd01";"dk03";4;0,00358481375407376;4,79401623389645e+88
"sa04";"dd01";"dk03";5;0,0033041993501577;5,99903953823302e+41
"sa04";"dd01";"dk03";6;0,00391219389507949;2,54267865335684e+93
"sa04";"dd01";"dk03";7;0,00403297682857832;4,09785731770381e+84
"sa04";"dd01";"dk03";8;0,00364024945846356;3,96340940708039e+48
"sa04";"dd01";"dk03";9;0,0038676264052073;3,88820077932498e+21
"sa04";"dd01";"dk04";1;0,00336741254448379;9,20879817629408e+44
"sa04";"dd01";"dk04";10;0,00309773547775517;1,64576481460743e+80
"sa04";"dd01";"dk04";2;0,00362126252531141;7,83140031838566e+89
"sa04";"dd01";"dk04";3;0,00340896294359434;1,92796721766538e+56
"sa04";"dd01";"dk04";4;0,00420512165183545;8,73348934162467e+77
"sa04";"dd01";"dk04";5;0,00325503612303735;1,17421202316794e+53
"sa04";"dd01";"dk04";6;0,00460073842743528;3,52335462311394e+100
"sa04";"dd01";"dk04";7;0,00465885879385996;3,4226842179112e+91
"sa04";"dd01";"dk04";8;0,00463603613217394;2,28150318343804e+67
"sa04";"dd01";"dk04";9;0,00432145631123284;919329259063176
"sa04";"dd01";"dk05";1;0,00474458902956757;1,72638937887128e+64
"sa04";"dd01";"dk05";10;0,00409872570696601;7,30071522686493e+76
"sa04";"dd01";"dk05";2;0,00422846005941979;1,17191428038386e+75
"sa04";"dd01";"dk05";3;0,00353803659377246;1,80260255962827e+58
"sa04";"dd01";"dk05";4;0,00480848206803586;1,43021642955001e+80
"sa04";"dd01";"dk05";5;0,00349358209182125;6,34965461483201e+55
"sa04";"dd01";"dk05";6;0,00523172940530614;1,42606097916824e+92
"sa04";"dd01";"dk05";7;0,00636754988949699;8,39972100184371e+83
"sa04";"dd01";"dk05";8;0,00451223646790644;6,20597223822709e+49
"sa04";"dd01";"dk05";9;0,00407828877523892;1,30740730211068e+26
"sa05";"dd01";"dk01";1;0,00359995964342444;2,36352457586418e+66
"sa05";"dd01";"dk01";10;0,00314223911787571;5,84501158359871e+62
"sa05";"dd01";"dk01";2;0,00236991386095678;1,9018989242243e+81
"sa05";"dd01";"dk01";3;0,00253257775299962;1,11042985126821e+94
"sa05";"dd01";"dk01";4;0,00278529776445252;4,41039991189526e+47
"sa05";"dd01";"dk01";5;0,00230985434855414;2,75552566525812e+36
"sa05";"dd01";"dk01";6;0,00235516069785642;1,84083105794802e+36
"sa05";"dd01";"dk01";7;0,0037310332455821;1,92788140757413e+89
"sa05";"dd01";"dk01";8;0,00416695881910653;2,881171180826e+28
"sa05";"dd01";"dk01";9;0,00292314035478425;1,92984847630706e+25
"sa05";"dd01";"dk02";1;0,00409068908343764;4,23559017510213e+77
"sa05";"dd01";"dk02";10;0,00317296290091512;3,44255440998649e+61
"sa05";"dd01";"dk02";2;0,00343286973563364;1,15980058689038e+63
"sa05";"dd01";"dk02";3;0,0027871329788479;4,14880928849367e+81
"sa05";"dd01";"dk02";4;0,00327455735662214;2,26039536937066e+65
"sa05";"dd01";"dk02";5;0,00253003060221664;1,69018069532943e+50
"sa05";"dd01";"dk02";6;0,00419143611804167;1,7196466625664e+72
"sa05";"dd01";"dk02";7;0,00444403161580764;3,86234670665769e+102
"sa05";"dd01";"dk02";8;0,00356544625877884;1,5355188175043e+23
"sa05";"dd01";"dk02";9;0,00422883859926036;2,73334892982393e+31
"sa05";"dd01";"dk03";1;0,00417589866387889;8,50552651252381e+78
"sa05";"dd01";"dk03";10;0,00334373857189488;3,20392507747925e+58
"sa05";"dd01";"dk03";2;0,00276387747298527;5,87791452536122e+45
"sa05";"dd01";"dk03";3;0,00275938536492481;1,00902752203576e+49
"sa05";"dd01";"dk03";4;0,00358234341131466;1,39549220311457e+80
"sa05";"dd01";"dk03";5;0,00350209708146491;2,64945161541023e+52
"sa05";"dd01";"dk03";6;0,00372583873012544;7,68678851302338e+83
"sa05";"dd01";"dk03";7;0,00422349798840996;2,63235117941842e+89
"sa05";"dd01";"dk03";8;0,00357150721691924;1,21187866804778e+48
"sa05";"dd01";"dk03";9;0,00433039220717309;1,26727641315368e+41
"sa05";"dd01";"dk04";1;0,00416681906174837;2,82275824731327e+65
"sa05";"dd01";"dk04";10;0,00313921794767837;7,84028480675003e+55
"sa05";"dd01";"dk04";2;0,00362947962855531;2,09989366202907e+107
"sa05";"dd01";"dk04";3;0,00355132164569226;2,9232506324569e+71
"sa05";"dd01";"dk04";4;0,00420653689827566;4,77023151200203e+68
"sa05";"dd01";"dk04";5;0,00335049127447011;3,03690372772393e+51
"sa05";"dd01";"dk04";6;0,00417743977310108;2,07634539870529e+106
"sa05";"dd01";"dk04";7;0,00464529778119728;1,79372228140273e+89
"sa05";"dd01";"dk04";8;0,00444070943749114;6,78165905253205e+38
"sa05";"dd01";"dk04";9;0,00448507274168575;2,00180687422681e+42
"sa05";"dd01";"dk05";1;0,00531990237769311;8,17664295786616e+73
"sa05";"dd01";"dk05";10;0,00388825832365056;4,11853562886746e+76
"sa05";"dd01";"dk05";2;0,00431005682410399;1,61231450333564e+78
"sa05";"dd01";"dk05";3;0,0040865292996763;1,50530268290421e+77
"sa05";"dd01";"dk05";4;0,00478399362848057;1,51922496551848e+83
"sa05";"dd01";"dk05";5;0,00354300019405704;8,46744372506215e+62
"sa05";"dd01";"dk05";6;0,00488365471204306;4,15815774310667e+116
"sa05";"dd01";"dk05";7;0,00588467882203032;1,19317426992479e+71
"sa05";"dd01";"dk05";8;0,00438736399129206;3,5671434905503e+25
"sa05";"dd01";"dk05";9;0,00470768107166595;3,50270935808654e+29
"sa01";"dd02";"dk01";1;0,00418803952112267;1,74949126058691e+105
"sa01";"dd02";"dk01";10;0,0049542807194548;3,5720667036017e+135
"sa01";"dd02";"dk01";2;0,00293982723977888;1,01625629925598e+112
"sa01";"dd02";"dk01";3;0,00718915491495048;2,27886384318287e+146
"sa01";"dd02";"dk01";4;0,00595937301406698;1,29825911524089e+64
"sa01";"dd02";"dk01";5;0,00390409716546157;1,4418364496069e+120
"sa01";"dd02";"dk01";6;0,00519166609655356;3,88825302484795e+116
"sa01";"dd02";"dk01";7;0,00512628461262418;3,90412992841287e+125
"sa01";"dd02";"dk01";8;0,0050347581179652;1,84100203253145e+105
"sa01";"dd02";"dk01";9;0,00598415736552584;2,22492144750623e+119
"sa01";"dd02";"dk02";1;0,00548431951997444;8,2408975204459e+109
"sa01";"dd02";"dk02";10;0,00570875125182689;1,60074864062661e+116
"sa01";"dd02";"dk02";2;0,00369953028898968;3,3265815539082e+110
"sa01";"dd02";"dk02";3;0,00747236102185841;2,56521322674676e+123
"sa01";"dd02";"dk02";4;0,00526210789918119;2,43339335370008e+116
"sa01";"dd02";"dk02";5;0,00510775017027245;4,90180819562305e+108
"sa01";"dd02";"dk02";6;0,00873644245693933;7,25629710026554e+144
"sa01";"dd02";"dk02";7;0,00617459999367918;4,97361648393848e+140
"sa01";"dd02";"dk02";8;0,00405206796388282;2,51671951239535e+115
"sa01";"dd02";"dk02";9;0,00735918593999535;1,76083500383736e+118
"sa01";"dd02";"dk03";1;0,00634706235955008;4,53674203825082e+145
"sa01";"dd02";"dk03";10;0,00570775040449558;2,43017891361865e+129
"sa01";"dd02";"dk03";2;0,00363776573869107;2,34919657750686e+89
"sa01";"dd02";"dk03";3;0,00626807510225447;1,14741223521027e+129
"sa01";"dd02";"dk03";4;0,00667834620473026;8,29388316485969e+102
"sa01";"dd02";"dk03";5;0,00599654474783198;1,04452903696873e+118
"sa01";"dd02";"dk03";6;0,0076966984194722;3,56659309066746e+149
"sa01";"dd02";"dk03";7;0,00495183764142901;2,37817285651908e+130
"sa01";"dd02";"dk03";8;0,00413142940997917;3,348322382315e+120
"sa01";"dd02";"dk03";9;0,00719465521050666;5,10179135544487e+131
"sa01";"dd02";"dk04";1;0,00539963101404241;1,97804262237556e+107
"sa01";"dd02";"dk04";10;0,00490454023916495;1,63120437611548e+123
"sa01";"dd02";"dk04";2;0,00478824434544401;2,18051500261926e+126
"sa01";"dd02";"dk04";3;0,00874640044941022;7,01939288977984e+124
"sa01";"dd02";"dk04";4;0,00734371523107711;1,63676442763686e+101
"sa01";"dd02";"dk04";5;0,00622996190996541;1,92330265336704e+140
"sa01";"dd02";"dk04";6;0,0108640149133506;5,8388214948816e+128
"sa01";"dd02";"dk04";7;0,00702412474189928;1,65512982489734e+132
"sa01";"dd02";"dk04";8;0,00526777275968235;5,99825165728839e+131
"sa01";"dd02";"dk04";9;0,00702670927487078;1,29112390334653e+127
"sa01";"dd02";"dk05";1;0,00695810088613724;2,89957166962619e+140
"sa01";"dd02";"dk05";10;0,00702358207055191;1,70874441846683e+102
"sa01";"dd02";"dk05";2;0,00568458120671578;1,01118337758644e+129
"sa01";"dd02";"dk05";3;0,0110989968211485;1,89268550284659e+120
"sa01";"dd02";"dk05";4;0,00665440564034321;4,37236217930234e+124
"sa01";"dd02";"dk05";5;0,00621247282792068;4,63316079338845e+144
"sa01";"dd02";"dk05";6;0,0117159162906221;3,87406297881045e+139
"sa01";"dd02";"dk05";7;0,00793246481210773;1,10691483505688e+126
"sa01";"dd02";"dk05";8;0,00551961127362234;4,77984274473705e+114
"sa01";"dd02";"dk05";9;0,00853787626113925;1,01976103341069e+103
"sa02";"dd02";"dk01";1;0,0045696478246337;1,51169095985903e+81
"sa02";"dd02";"dk01";10;0,00575421212033747;7,182083312958e+130
"sa02";"dd02";"dk01";2;0,00281525458958143;1,12342563216226e+117
"sa02";"dd02";"dk01";3;0,00695687972396567;4,02049799886237e+111
"sa02";"dd02";"dk01";4;0,00610951514563005;8,27589372915836e+77
"sa02";"dd02";"dk01";5;0,0039871414895714;2,33174001110656e+118
"sa02";"dd02";"dk01";6;0,0052845163350598;5,11720356285044e+136
"sa02";"dd02";"dk01";7;0,00425538770750223;6,98028758264633e+120
"sa02";"dd02";"dk01";8;0,00504146934436512;2,79428810596532e+111
"sa02";"dd02";"dk01";9;0,00582086758807759;1,54160780657918e+109
"sa02";"dd02";"dk02";1;0,00561455397040649;2,42029476689338e+95
"sa02";"dd02";"dk02";10;0,00646820104048491;3,75886520350669e+123
"sa02";"dd02";"dk02";2;0,00366069227464869;2,14352736923984e+115
"sa02";"dd02";"dk02";3;0,00842801420373151;3,05915048987234e+145
"sa02";"dd02";"dk02";4;0,00581665244095098;2,45279057079772e+93
"sa02";"dd02";"dk02";5;0,0048274031568489;7,49212822274483e+95
"sa02";"dd02";"dk02";6;0,00852362995439746;3,62738538745667e+124
"sa02";"dd02";"dk02";7;0,00571950782078912;1,47626134492058e+128
"sa02";"dd02";"dk02";8;0,00412293223024857;2,66060297969686e+100
"sa02";"dd02";"dk02";9;0,00731208094193828;9,10896617595788e+101
"sa02";"dd02";"dk03";1;0,00643520811398569;2,73939565713762e+117
"sa02";"dd02";"dk03";10;0,00652157320196131;6,31706241896215e+138
"sa02";"dd02";"dk03";2;0,00342028900380237;3,68724771450857e+104
"sa02";"dd02";"dk03";3;0,00652610291957483;1,05401401833134e+116
"sa02";"dd02";"dk03";4;0,00665519415058064;4,38449109235544e+102
"sa02";"dd02";"dk03";5;0,00528938975952709;3,21700208779972e+113
"sa02";"dd02";"dk03";6;0,00712394703805307;4,76292392389629e+133
"sa02";"dd02";"dk03";7;0,00468594614938831;5,87402252776467e+146
"sa02";"dd02";"dk03";8;0,00416397710571923;9,78907095788361e+130
"sa02";"dd02";"dk03";9;0,00713797779059752;5,23505570090719e+115
"sa02";"dd02";"dk04";1;0,00620469909595223;1,82310556196142e+98
"sa02";"dd02";"dk04";10;0,00517709978004743;3,7305298957747e+129
"sa02";"dd02";"dk04";2;0,00462763240938621;7,8630214122276e+115
"sa02";"dd02";"dk04";3;0,00935782871663183;1,87739958985502e+120
"sa02";"dd02";"dk04";4;0,00707773140987169;1,12258692489592e+114
"sa02";"dd02";"dk04";5;0,00596778084849752;1,529513876976e+134
"sa02";"dd02";"dk04";6;0,0109825566307283;1,1491528121348e+136
"sa02";"dd02";"dk04";7;0,006907716944966;1,74550583516613e+126
"sa02";"dd02";"dk04";8;0,00528402632737164;5,68688522146182e+108
"sa02";"dd02";"dk04";9;0,00721349129618146;1,05127682366696e+133
"sa02";"dd02";"dk05";1;0,00728576811844583;1,03395799188142e+112
"sa02";"dd02";"dk05";10;0,00814569903383538;6,36441827824297e+129
"sa02";"dd02";"dk05";2;0,00565961772271447;1,6858400267781e+115
"sa02";"dd02";"dk05";3;0,0115568087785363;4,5975586102816e+132
"sa02";"dd02";"dk05";4;0,00715271140858683;4,75214959136998e+106
"sa02";"dd02";"dk05";5;0,00649921037561268;5,22805154304708e+139
"sa02";"dd02";"dk05";6;0,0120415567614457;8,80227649331923e+126
"sa02";"dd02";"dk05";7;0,00845622109594833;1,58310422082334e+131
"sa02";"dd02";"dk05";8;0,00555576293636285;5,27395592205555e+132
"sa02";"dd02";"dk05";9;0,00847843420455642;2,69867391686208e+133
"sa03";"dd02";"dk01";1;0,00418765181814623;8,29479704085637e+108
"sa03";"dd02";"dk01";10;0,00529008789734555;2,74425838499692e+118
"sa03";"dd02";"dk01";2;0,00280184355822916;1,41157419845067e+104
"sa03";"dd02";"dk01";3;0,00717914830294891;1,05933504466492e+132
"sa03";"dd02";"dk01";4;0,00579227099225645;1,52074645495002e+65
"sa03";"dd02";"dk01";5;0,0040843459029284;2,06447089080444e+133
"sa03";"dd02";"dk01";6;0,0061042022837724;2,00486424188164e+155
"sa03";"dd02";"dk01";7;0,00453047815236896;5,4761355518962e+152
"sa03";"dd02";"dk01";8;0,00533623611210165;4,87580597023458e+108
"sa03";"dd02";"dk01";9;0,00556269256876441;4,61040959518846e+110
"sa03";"dd02";"dk02";1;0,00533105048162591;2,69569032983027e+108
"sa03";"dd02";"dk02";10;0,00581663888641277;1,91163781668954e+122
"sa03";"dd02";"dk02";2;0,00372509247709422;6,38603169175568e+110
"sa03";"dd02";"dk02";3;0,00816001943946446;1,05567763919462e+124
"sa03";"dd02";"dk02";4;0,00534750435826673;1,12669184639224e+89
"sa03";"dd02";"dk02";5;0,00486920121705173;8,01475678806121e+105
"sa03";"dd02";"dk02";6;0,00970418732393238;2,61932559960424e+130
"sa03";"dd02";"dk02";7;0,00593388140477461;1,8244340081386e+136
"sa03";"dd02";"dk02";8;0,00428484486723033;1,64805817499097e+115
"sa03";"dd02";"dk02";9;0,00910295678487426;1,83025702495637e+101
"sa03";"dd02";"dk03";1;0,00626674455036922;4,75911019408203e+136
"sa03";"dd02";"dk03";10;0,00596222234113329;3,51726504908306e+143
"sa03";"dd02";"dk03";2;0,00347587539365086;4,08630483343606e+101
"sa03";"dd02";"dk03";3;0,00649771683568446;1,67183219026809e+114
"sa03";"dd02";"dk03";4;0,00641642018793146;2,12972817835681e+100
"sa03";"dd02";"dk03";5;0,00526492816013236;2,17735944445917e+129
"sa03";"dd02";"dk03";6;0,00870224311693379;2,56242614844732e+153
"sa03";"dd02";"dk03";7;0,00482860421741521;1,84796842162054e+142
"sa03";"dd02";"dk03";8;0,00431643121240818;8,18097942944058e+107
"sa03";"dd02";"dk03";9;0,00830507076027796;6,47015723641022e+120
"sa03";"dd02";"dk04";1;0,00538691589867189;2,63071566461433e+102
"sa03";"dd02";"dk04";10;0,00504459091938956;8,35043890287365e+141
"sa03";"dd02";"dk04";2;0,00458933930100932;1,40100997334692e+111
"sa03";"dd02";"dk04";3;0,0094129471147169;1,23160940980594e+103
"sa03";"dd02";"dk04";4;0,00691286292609081;1,18399870554714e+103
"sa03";"dd02";"dk04";5;0,00612084259803223;4,76968239410793e+127
"sa03";"dd02";"dk04";6;0,0126925866733443;3,39631301251016e+147
"sa03";"dd02";"dk04";7;0,00717718528336619;1,30691760282311e+121
"sa03";"dd02";"dk04";8;0,00547065491259217;1,10511505334179e+118
"sa03";"dd02";"dk04";9;0,00794426190581469;1,84672823909369e+111
"sa03";"dd02";"dk05";1;0,00704943840810375;1,10403008538031e+147
"sa03";"dd02";"dk05";10;0,00708987491949427;3,86204693622473e+104
"sa03";"dd02";"dk05";2;0,0055458494273845;6,63837778556111e+133
"sa03";"dd02";"dk05";3;0,0114429640807782;1,49246681269592e+124
"sa03";"dd02";"dk05";4;0,00685931730652696;1,29709485076351e+97
"sa03";"dd02";"dk05";5;0,00670071844463463;4,00620166312783e+144
"sa03";"dd02";"dk05";6;0,0129238452720167;2,96950651025098e+135
"sa03";"dd02";"dk05";7;0,00813303032807427;2,63272278278095e+133
"sa03";"dd02";"dk05";8;0,00572353813428869;8,38070774825382e+103
"sa03";"dd02";"dk05";9;0,0103703894684458;2,04847715758923e+145
"sa04";"dd02";"dk01";1;0,00429035746952255;7,72034665077488e+101
"sa04";"dd02";"dk01";10;0,00543566393515822;4,35165737658802e+137
"sa04";"dd02";"dk01";2;0,00272496593831965;7,08950464745351e+132
"sa04";"dd02";"dk01";3;0,00734185782101423;3,37310124323661e+128
"sa04";"dd02";"dk01";4;0,00542850691712716;2,28420963650502e+77
"sa04";"dd02";"dk01";5;0,00402882494493198;2,48056594933786e+113
"sa04";"dd02";"dk01";6;0,00587536211227219;8,23959603787871e+131
"sa04";"dd02";"dk01";7;0,00457499722374581;1,70894545806699e+137
"sa04";"dd02";"dk01";8;0,0054449136955042;6,35070535764662e+115
"sa04";"dd02";"dk01";9;0,00598774843102428;3,08581807459017e+103
"sa04";"dd02";"dk02";1;0,0054887760949942;1,02617823942205e+116
"sa04";"dd02";"dk02";10;0,0059219683055766;2,67172812459601e+126
"sa04";"dd02";"dk02";2;0,00362182991172149;3,30199816974743e+100
"sa04";"dd02";"dk02";3;0,00845058848164092;1,34106229174741e+127
"sa04";"dd02";"dk02";4;0,00508402596931105;2,0730775418946e+97
"sa04";"dd02";"dk02";5;0,00503514058680205;9,79379070984769e+101
"sa04";"dd02";"dk02";6;0,00936103055049167;8,25006145234064e+123
"sa04";"dd02";"dk02";7;0,00586865475106837;2,26720895252843e+128
"sa04";"dd02";"dk02";8;0,00438783000372755;2,22435291310127e+127
"sa04";"dd02";"dk02";9;0,00809559966561853;4,33981794729847e+117
"sa04";"dd02";"dk03";1;0,00637215888923441;2,45424414012189e+140
"sa04";"dd02";"dk03";10;0,00610469450546682;3,82855118153949e+123
"sa04";"dd02";"dk03";2;0,00322499173201639;1,74681800784654e+95
"sa04";"dd02";"dk03";3;0,00677558353144794;1,14513765773213e+100
"sa04";"dd02";"dk03";4;0,00629279596433768;1,51626622031305e+92
"sa04";"dd02";"dk03";5;0,00580856773242709;6,81997312120562e+115
"sa04";"dd02";"dk03";6;0,00845956979017642;2,02002824958087e+126
"sa04";"dd02";"dk03";7;0,00500033373821309;1,07594003029676e+127
"sa04";"dd02";"dk03";8;0,00438045263279227;4,77771819922106e+112
"sa04";"dd02";"dk03";9;0,00755051217675804;5,22039928814392e+98
"sa04";"dd02";"dk04";1;0,00569205945937408;1,88206584609234e+87
"sa04";"dd02";"dk04";10;0,00508701616523074;1,56435756670171e+129
"sa04";"dd02";"dk04";2;0,00442403601175766;4,60758093394264e+135
"sa04";"dd02";"dk04";3;0,00952545740212738;3,5281318385571e+115
"sa04";"dd02";"dk04";4;0,00668766660950525;1,01095529112748e+113
"sa04";"dd02";"dk04";5;0,00627663265640758;6,36214671889645e+129
"sa04";"dd02";"dk04";6;0,0126186883739334;2,11117683468484e+140
"sa04";"dd02";"dk04";7;0,00716941598418459;1,13024308894073e+118
"sa04";"dd02";"dk04";8;0,00553582222181797;4,48538379971943e+131
"sa04";"dd02";"dk04";9;0,00796767607275079;1,56320402569125e+110
"sa04";"dd02";"dk05";1;0,00710487143145227;1,15413404066386e+112
"sa04";"dd02";"dk05";10;0,00733430786104423;3,90647315801862e+112
"sa04";"dd02";"dk05";2;0,0052731739964191;1,34287368004609e+120
"sa04";"dd02";"dk05";3;0,0117796316550198;2,26191807788702e+131
"sa04";"dd02";"dk05";4;0,00684544115957948;2,6216186755638e+104
"sa04";"dd02";"dk05";5;0,00660943471008717;5,54135598447627e+127
"sa04";"dd02";"dk05";6;0,0130605111982879;2,00875971231938e+124
"sa04";"dd02";"dk05";7;0,007672368858137;4,32866809545339e+119
"sa04";"dd02";"dk05";8;0,00581559803328477;1,36810030807563e+116
"sa04";"dd02";"dk05";9;0,0090741419383594;2,96715542692007e+107
"sa05";"dd02";"dk01";1;0,00518729128449183;2,93558182609704e+92
"sa05";"dd02";"dk01";10;0,00495502463853216;3,08631095202421e+131
"sa05";"dd02";"dk01";2;0,00277121359383016;2,74428055781726e+129
"sa05";"dd02";"dk01";3;0,00709521968725617;2,31545085987146e+135
"sa05";"dd02";"dk01";4;0,00599412171155053;2,55253075832857e+84
"sa05";"dd02";"dk01";5;0,0041035769059593;7,48518007159315e+107
"sa05";"dd02";"dk01";6;0,00526931799992011;2,87684116371465e+141
"sa05";"dd02";"dk01";7;0,00521199829917794;4,97653483280525e+122
"sa05";"dd02";"dk01";8;0,00570279889254538;1,15690288954389e+131
"sa05";"dd02";"dk01";9;0,00569158313899251;5,52153767881107e+103
"sa05";"dd02";"dk02";1;0,00654087533729773;2,42444247574279e+86
"sa05";"dd02";"dk02";10;0,00532710874669455;3,46896662196511e+113
"sa05";"dd02";"dk02";2;0,00376394473339076;3,41786937996441e+107
"sa05";"dd02";"dk02";3;0,00700038822584837;6,77381269304004e+124
"sa05";"dd02";"dk02";4;0,00565696265747571;2,13369493658566e+101
"sa05";"dd02";"dk02";5;0,00511800135924714;2,08384000169271e+99
"sa05";"dd02";"dk02";6;0,00839463600170942;2,84562112194274e+125
"sa05";"dd02";"dk02";7;0,00615903978888508;3,84428843995732e+122
"sa05";"dd02";"dk02";8;0,00458660865839685;5,59502971697936e+105
"sa05";"dd02";"dk02";9;0,0102979632169015;1,81743208095015e+117
"sa05";"dd02";"dk03";1;0,00786084420172932;3,58291119988903e+136
"sa05";"dd02";"dk03";10;0,00553348450979086;2,58508494688773e+120
"sa05";"dd02";"dk03";2;0,00319184518831182;2,84896942006202e+91
"sa05";"dd02";"dk03";3;0,00612117860049772;2,68520725444274e+106
"sa05";"dd02";"dk03";4;0,00675562155355268;1,42448338177061e+89
"sa05";"dd02";"dk03";5;0,00614736848281604;1,4187407357258e+109
"sa05";"dd02";"dk03";6;0,00757581510161377;3,72727644721386e+147
"sa05";"dd02";"dk03";7;0,00564019752402596;1,12377492604359e+113
"sa05";"dd02";"dk03";8;0,00453354218066436;9,25785389766415e+120
"sa05";"dd02";"dk03";9;0,00897667965087969;2,15533842891422e+107
"sa05";"dd02";"dk04";1;0,00754442919327947;3,08369216893614e+110
"sa05";"dd02";"dk04";10;0,00494889415725823;3,50933232784363e+123
"sa05";"dd02";"dk04";2;0,00437213060247852;1,98045737560686e+130
"sa05";"dd02";"dk04";3;0,00789297339617521;1,3791270910264e+106
"sa05";"dd02";"dk04";4;0,00716362601286462;1,20949805432527e+89
"sa05";"dd02";"dk04";5;0,00639549341575063;4,92533964464579e+114
"sa05";"dd02";"dk04";6;0,0103351146597407;1,90242740593031e+139
"sa05";"dd02";"dk04";7;0,0074515252904954;4,1176210211695e+114
"sa05";"dd02";"dk04";8;0,00540295843668647;3,90335544578358e+128
"sa05";"dd02";"dk04";9;0,00844908487906866;8,5963386760879e+103
"sa05";"dd02";"dk05";1;0,00856869242805882;7,10522878873489e+113
"sa05";"dd02";"dk05";10;0,00644289236494737;6,2453450076189e+120
"sa05";"dd02";"dk05";2;0,00529416938191701;2,56194109291562e+115
"sa05";"dd02";"dk05";3;0,0107534286488686;4,73074286963246e+124
"sa05";"dd02";"dk05";4;0,00703090605215151;3,7607192189556e+116
"sa05";"dd02";"dk05";5;0,00670780915385048;2,13545233903981e+123
"sa05";"dd02";"dk05";6;0,0110053033891402;2,04914633992896e+140
"sa05";"dd02";"dk05";7;0,00761678720009072;9,04101352676272e+126
"sa05";"dd02";"dk05";8;0,0058535603295226;2,34134613106996e+115
"sa05";"dd02";"dk05";9;0,0111122988139522;4,16782613801436e+102
"sa01";"dd03";"dk01";1;0,00536686177617091;1,41004134238798e+138
"sa01";"dd03";"dk01";10;0,0049316774775002;3,43875786270896e+134
"sa01";"dd03";"dk01";2;0,00407203279696175;3,56392087178558e+149
"sa01";"dd03";"dk01";3;0,00715357454963947;4,8512256924384e+136
"sa01";"dd03";"dk01";4;0,00722063358621507;1,03060501933521e+115
"sa01";"dd03";"dk01";5;0,00454665692278039;5,84424742861152e+123
"sa01";"dd03";"dk01";6;0,00566196268626631;1,7119424318873e+155
"sa01";"dd03";"dk01";7;0,00603035887652731;3,54332575302517e+129
"sa01";"dd03";"dk01";8;0,0086152906482213;6,04952103293127e+116
"sa01";"dd03";"dk01";9;0,0072630874172748;7,81904486650313e+135
"sa01";"dd03";"dk02";1;0,0058899794254264;3,52325389531657e+136
"sa01";"dd03";"dk02";10;0,00522187911056429;2,66446873729376e+106
"sa01";"dd03";"dk02";2;0,00597706243893241;3,06971513708893e+109
"sa01";"dd03";"dk02";3;0,00714610675121405;2,90931010417289e+149
"sa01";"dd03";"dk02";4;0,0075686800134804;5,59634199798879e+125
"sa01";"dd03";"dk02";5;0,00620874175806554;8,01897175803636e+149
"sa01";"dd03";"dk02";6;0,00878984865212747;1,30835054447768e+130
"sa01";"dd03";"dk02";7;0,00660202857722949;2,41885607150636e+147
"sa01";"dd03";"dk02";8;0,00764964310347474;1,01831445867704e+107
"sa01";"dd03";"dk02";9;0,00722385479157281;8,5184270615867e+150
"sa01";"dd03";"dk03";1;0,00691341992187434;9,51672365701543e+157
"sa01";"dd03";"dk03";10;0,00522339425753634;1,2910634208577e+123
"sa01";"dd03";"dk03";2;0,00493230029023076;4,93768539134884e+134
"sa01";"dd03";"dk03";3;0,00628504618503812;1,68473994180702e+123
"sa01";"dd03";"dk03";4;0,0088747860272415;1,56081535213838e+123
"sa01";"dd03";"dk03";5;0,00801333103710268;2,97951192277396e+132
"sa01";"dd03";"dk03";6;0,00930751383241665;3,27277892170927e+143
"sa01";"dd03";"dk03";7;0,00630682305109315;1,41823112805499e+111
"sa01";"dd03";"dk03";8;0,00769919583248964;2,88932882878229e+131
"sa01";"dd03";"dk03";9;0,00731304226006809;4,7297893231476e+129
"sa01";"dd03";"dk04";1;0,00576098924129557;2,81493683994357e+123
"sa01";"dd03";"dk04";10;0,00488534064037619;1,68987003220019e+143
"sa01";"dd03";"dk04";2;0,00636877635268966;1,13073386009029e+131
"sa01";"dd03";"dk04";3;0,0097691449054945;4,15398138886565e+120
"sa01";"dd03";"dk04";4;0,0110340309955358;1,95925130949543e+94
"sa01";"dd03";"dk04";5;0,00794723044989577;5,67340870939699e+137
"sa01";"dd03";"dk04";6;0,0110882600471319;3,72774283620248e+141
"sa01";"dd03";"dk04";7;0,00781820901563654;3,98095741495156e+127
"sa01";"dd03";"dk04";8;0,00988670968045241;2,05969542934274e+149
"sa01";"dd03";"dk04";9;0,00838808150621865;1,71209512065358e+133
"sa01";"dd03";"dk05";1;0,00783417764312149;3,16921121311125e+160
"sa01";"dd03";"dk05";10;0,00729416391590032;1,25922744477448e+112
"sa01";"dd03";"dk05";2;0,00731851982491365;4,31588215653152e+137
"sa01";"dd03";"dk05";3;0,0106891841133716;1,89868574337755e+138
"sa01";"dd03";"dk05";4;0,0101163340425191;6,15044461351187e+141
"sa01";"dd03";"dk05";5;0,00838217087113354;1,08418784112942e+114
"sa01";"dd03";"dk05";6;0,0124290620774302;1,38175192552066e+131
"sa01";"dd03";"dk05";7;0,00961755776869795;2,95989293955604e+135
"sa01";"dd03";"dk05";8;0,00922224221202934;1,18667019926336e+133
"sa01";"dd03";"dk05";9;0,00845687700379229;1,70188157233705e+126
"sa02";"dd03";"dk01";1;0,0056895909406487;1,14281470106147e+122
"sa02";"dd03";"dk01";10;0,00526333796017353;4,2849659538314e+160
"sa02";"dd03";"dk01";2;0,00410212097560016;3,64895807391512e+144
"sa02";"dd03";"dk01";3;0,00711196811369549;6,11958493448392e+102
"sa02";"dd03";"dk01";4;0,0063671645435179;5,56340339440485e+115
"sa02";"dd03";"dk01";5;0,00500763939545714;8,09564325594669e+140
"sa02";"dd03";"dk01";6;0,00520621895690631;5,44674651554347e+137
"sa02";"dd03";"dk01";7;0,0066420089250773;5,21974418920421e+133
"sa02";"dd03";"dk01";8;0,00923635217724834;1,13548953319536e+123
"sa02";"dd03";"dk01";9;0,00702348834826685;1,61440543518771e+140
"sa02";"dd03";"dk02";1;0,00616908274293434;3,97938235177063e+114
"sa02";"dd03";"dk02";10;0,00522186608937115;5,73844819699936e+123
"sa02";"dd03";"dk02";2;0,00654883362056871;3,82452115819978e+111
"sa02";"dd03";"dk02";3;0,00766794319741719;1,19192414940218e+114
"sa02";"dd03";"dk02";4;0,00700829550126063;2,25433588540477e+117
"sa02";"dd03";"dk02";5;0,00584742446667334;4,68898675202598e+134
"sa02";"dd03";"dk02";6;0,00764943172328496;3,59033886139918e+127
"sa02";"dd03";"dk02";7;0,00770798258640698;6,41840501782841e+131
"sa02";"dd03";"dk02";8;0,00810919590340818;2,0352626391087e+114
"sa02";"dd03";"dk02";9;0,00720404055670368;1,22546875394809e+140
"sa02";"dd03";"dk03";1;0,00707838089402714;3,92283243503945e+144
"sa02";"dd03";"dk03";10;0,00519557594757689;1,24281871787449e+141
"sa02";"dd03";"dk03";2;0,00491320505446529;1,59074229078991e+115
"sa02";"dd03";"dk03";3;0,00659661282156386;3,42864742897741e+117
"sa02";"dd03";"dk03";4;0,00779738515075245;4,86434869527353e+121
"sa02";"dd03";"dk03";5;0,00707254445111008;3,51385165121379e+135
"sa02";"dd03";"dk03";6;0,00811315848408458;1,12108008713913e+141
"sa02";"dd03";"dk03";7;0,00774147884838915;1,34304645564246e+157
"sa02";"dd03";"dk03";8;0,00794981681882351;9,19884329877775e+122
"sa02";"dd03";"dk03";9;0,00724508256599309;3,00385610102358e+148
"sa02";"dd03";"dk04";1;0,00633719389323144;4,38411459424939e+142
"sa02";"dd03";"dk04";10;0,00478588235449254;7,56136070238238e+152
"sa02";"dd03";"dk04";2;0,0065516100512776;7,41413840095693e+110
"sa02";"dd03";"dk04";3;0,00987996385831783;1,24441259023778e+121
"sa02";"dd03";"dk04";4;0,00914832859225196;1,85677953507868e+112
"sa02";"dd03";"dk04";5;0,00787412134683111;1,29792212089485e+121
"sa02";"dd03";"dk04";6;0,00987641496935408;6,54513259949248e+129
"sa02";"dd03";"dk04";7;0,00956354812842303;5,19575785414058e+121
"sa02";"dd03";"dk04";8;0,0105301424577126;6,22845745176754e+130
"sa02";"dd03";"dk04";9;0,00832620298078234;9,14667093742221e+117
"sa02";"dd03";"dk05";1;0,00800412933949357;4,2484443688247e+133
"sa02";"dd03";"dk05";10;0,007557894172857;3,42844551255233e+118
"sa02";"dd03";"dk05";2;0,00816923791051958;1,92775554560986e+136
"sa02";"dd03";"dk05";3;0,0108810662811922;8,39110369075475e+126
"sa02";"dd03";"dk05";4;0,00943287808943509;3,59430485903253e+110
"sa02";"dd03";"dk05";5;0,00920600198468408;1,19205746355726e+133
"sa02";"dd03";"dk05";6;0,0107799926304971;3,78117560354236e+145
"sa02";"dd03";"dk05";7;0,0127281317886452;2,73690311127402e+135
"sa02";"dd03";"dk05";8;0,00982305563916695;6,31056695609998e+146
"sa02";"dd03";"dk05";9;0,00828286962561611;3,52747303405786e+131
"sa03";"dd03";"dk01";1;0,00551935170583876;1,2921503112393e+147
"sa03";"dd03";"dk01";10;0,00520820379546576;3,32611650433416e+144
"sa03";"dd03";"dk01";2;0,00418299680899623;2,08580468014848e+127
"sa03";"dd03";"dk01";3;0,00826081659225774;3,62458259548736e+135
"sa03";"dd03";"dk01";4;0,00650073749881698;6,43825781346494e+109
"sa03";"dd03";"dk01";5;0,00519527547748089;1,37277594266732e+141
"sa03";"dd03";"dk01";6;0,00584370454446716;3,17354070053069e+154
"sa03";"dd03";"dk01";7;0,0063921736073614;1,56695051833559e+169
"sa03";"dd03";"dk01";8;0,00946263340405827;1,35904032206812e+123
"sa03";"dd03";"dk01";9;0,0056483652482151;9,16111276790384e+124
"sa03";"dd03";"dk02";1;0,00601933217271166;1,50797655653905e+110
"sa03";"dd03";"dk02";10;0,00523763395164798;9,98109455187542e+122
"sa03";"dd03";"dk02";2;0,00663518329663592;1,95598367494854e+109
"sa03";"dd03";"dk02";3;0,00833225051784751;2,77003914714053e+115
"sa03";"dd03";"dk02";4;0,00697751124604943;1,46111013403748e+109
"sa03";"dd03";"dk02";5;0,00595060939877756;1,20736306335356e+123
"sa03";"dd03";"dk02";6;0,00859904713097381;3,40980997136612e+150
"sa03";"dd03";"dk02";7;0,00736593784298911;2,09252194478058e+139
"sa03";"dd03";"dk02";8;0,00829998608073726;1,98709925665812e+114
"sa03";"dd03";"dk02";9;0,00722936593180143;3,58316967596913e+119
"sa03";"dd03";"dk03";1;0,00719509645538554;2,33395662225771e+141
"sa03";"dd03";"dk03";10;0,00538646617345401;1,24803399231067e+142
"sa03";"dd03";"dk03";2;0,00516316441176916;5,31702930586947e+110
"sa03";"dd03";"dk03";3;0,00727763671692711;8,76145260452245e+125
"sa03";"dd03";"dk03";4;0,00796182301961349;3,27701624012461e+119
"sa03";"dd03";"dk03";5;0,00715744720224274;5,35081801437569e+145
"sa03";"dd03";"dk03";6;0,00954994813256032;9,77546254511565e+139
"sa03";"dd03";"dk03";7;0,00738966587945067;1,0189077861546e+122
"sa03";"dd03";"dk03";8;0,00829874674544465;2,85634019039096e+105
"sa03";"dd03";"dk03";9;0,00721305796935414;1,85777712808615e+131
"sa03";"dd03";"dk04";1;0,00576685199152606;1,46562988760215e+144
"sa03";"dd03";"dk04";10;0,00499706862353001;8,68767650566301e+146
"sa03";"dd03";"dk04";2;0,00670842212973436;7,00026446137825e+110
"sa03";"dd03";"dk04";3;0,0108200889746469;8,18696349416586e+129
"sa03";"dd03";"dk04";4;0,0093862973000221;3,96372211008727e+103
"sa03";"dd03";"dk04";5;0,00805075089854945;6,70211080336093e+129
"sa03";"dd03";"dk04";6;0,0114070329401816;1,58921571289614e+159
"sa03";"dd03";"dk04";7;0,00934562718187799;6,57998060141344e+128
"sa03";"dd03";"dk04";8;0,0109148155684256;5,45846331685333e+130
"sa03";"dd03";"dk04";9;0,0075870857658059;1,57250834722283e+132
"sa03";"dd03";"dk05";1;0,00807663862811529;2,93026950393701e+142
"sa03";"dd03";"dk05";10;0,0073269406177332;1,26756005904631e+131
"sa03";"dd03";"dk05";2;0,00775376187146474;4,04380490174727e+140
"sa03";"dd03";"dk05";3;0,0122629716156014;1,48201225393861e+129
"sa03";"dd03";"dk05";4;0,00949940247641017;2,67963345526672e+117
"sa03";"dd03";"dk05";5;0,00938264681777473;2,75622883588963e+145
"sa03";"dd03";"dk05";6;0,0121833352016902;1,00261346392281e+160
"sa03";"dd03";"dk05";7;0,011620887565377;9,51298242764908e+136
"sa03";"dd03";"dk05";8;0,0100605851573948;2,81397192000648e+124
"sa03";"dd03";"dk05";9;0,00829846409442378;5,08545301926113e+123
"sa04";"dd03";"dk01";1;0,00578491178017804;1,25717825506936e+140
"sa04";"dd03";"dk01";10;0,00529822576740521;2,08171364240194e+113
"sa04";"dd03";"dk01";2;0,00465749371243957;8,63333077207359e+166
"sa04";"dd03";"dk01";3;0,00726509232583354;3,46140442282843e+110
"sa04";"dd03";"dk01";4;0,00666944496429344;4,48580314518002e+118
"sa04";"dd03";"dk01";5;0,00476079204573188;4,49790041339474e+136
"sa04";"dd03";"dk01";6;0,0055433846638809;2,30475548409862e+151
"sa04";"dd03";"dk01";7;0,00621717964599729;1,55144958138953e+155
"sa04";"dd03";"dk01";8;0,00891582866677838;3,96273711273873e+129
"sa04";"dd03";"dk01";9;0,00700937010868539;1,20498576001386e+126
"sa04";"dd03";"dk02";1;0,0062766174511519;4,99337330657804e+131
"sa04";"dd03";"dk02";10;0,00524799530838153;2,16287278996981e+115
"sa04";"dd03";"dk02";2;0,0075283611897705;5,17358454806854e+107
"sa04";"dd03";"dk02";3;0,00769751854340737;2,32698528366222e+140
"sa04";"dd03";"dk02";4;0,00739301673993891;7,6100649894785e+120
"sa04";"dd03";"dk02";5;0,00599065220405616;1,17047035540796e+114
"sa04";"dd03";"dk02";6;0,00839466015416618;2,89595805999435e+143
"sa04";"dd03";"dk02";7;0,00721948751632502;5,50910125190042e+130
"sa04";"dd03";"dk02";8;0,00781109946903005;2,55576877816341e+120
"sa04";"dd03";"dk02";9;0,00733573945564588;3,66390088784389e+132
"sa04";"dd03";"dk03";1;0,00752740545916401;9,63206446820057e+124
"sa04";"dd03";"dk03";10;0,00544934048633649;1,23354963967166e+122
"sa04";"dd03";"dk03";2;0,0055389832828854;1,05272483947621e+103
"sa04";"dd03";"dk03";3;0,00680923929883566;5,15838328787618e+115
"sa04";"dd03";"dk03";4;0,00851363803594019;2,44833079448709e+117
"sa04";"dd03";"dk03";5;0,00761912252744155;1,51650695843668e+129
"sa04";"dd03";"dk03";6;0,00897294551892235;1,22479538760908e+151
"sa04";"dd03";"dk03";7;0,00719013612490943;2,77957486138534e+139
"sa04";"dd03";"dk03";8;0,00774190027281804;9,50676156943519e+124
"sa04";"dd03";"dk03";9;0,00728165299278456;1,35724330534439e+136
"sa04";"dd03";"dk04";1;0,00611198489681421;6,79213458003649e+126
"sa04";"dd03";"dk04";10;0,00499221280012103;8,31541855050764e+124
"sa04";"dd03";"dk04";2;0,00737074791949923;1,71040628721988e+122
"sa04";"dd03";"dk04";3;0,00994801767741741;3,63256130360057e+118
"sa04";"dd03";"dk04";4;0,00974990254093368;7,55589761729779e+114
"sa04";"dd03";"dk04";5;0,00788002956926803;1,05563729593519e+125
"sa04";"dd03";"dk04";6;0,0111144631467174;1,82465251986039e+145
"sa04";"dd03";"dk04";7;0,00904543081600427;5,26491606812789e+122
"sa04";"dd03";"dk04";8;0,0100579833017028;1,48492117079639e+135
"sa04";"dd03";"dk04";9;0,00857629246363065;1,40080284812791e+144
"sa04";"dd03";"dk05";1;0,00823719480831128;3,66153732896959e+127
"sa04";"dd03";"dk05";10;0,00738577899986525;4,9995490479735e+98
"sa04";"dd03";"dk05";2;0,00881514983297913;6,7235320964923e+149
"sa04";"dd03";"dk05";3;0,0110817754530768;9,92952301196165e+130
"sa04";"dd03";"dk05";4;0,0102751029568625;1,74802091871118e+118
"sa04";"dd03";"dk05";5;0,00884237831340808;8,35282761539494e+134
"sa04";"dd03";"dk05";6;0,0118897354926994;2,89332732601034e+146
"sa04";"dd03";"dk05";7;0,010736307732685;2,08734987029685e+139
"sa04";"dd03";"dk05";8;0,00954536031499421;7,91332387075275e+145
"sa04";"dd03";"dk05";9;0,00836476185029418;2,49387177519722e+117
"sa05";"dd03";"dk01";1;0,00570031084452885;1,07069947394456e+119
"sa05";"dd03";"dk01";10;0,00533374718042836;5,53668023726361e+124
"sa05";"dd03";"dk01";2;0,00788912322633958;6,12167976045094e+136
"sa05";"dd03";"dk01";3;0,00852174247871461;4,07758752291919e+145
"sa05";"dd03";"dk01";4;0,00644080192094008;3,79785725249311e+124
"sa05";"dd03";"dk01";5;0,0048157233232947;7,95500138151976e+128
"sa05";"dd03";"dk01";6;0,00619184781359186;3,66438927205444e+144
"sa05";"dd03";"dk01";7;0,00604360690760186;7,15775354859266e+116
"sa05";"dd03";"dk01";8;0,00938524958794034;1,82298768777546e+138
"sa05";"dd03";"dk01";9;0,00506186834067792;6,13367577316657e+127
"sa05";"dd03";"dk02";1;0,00656759806927751;1,56979230592854e+109
"sa05";"dd03";"dk02";10;0,00533604445972586;2,09618614038635e+108
"sa05";"dd03";"dk02";2;0,0155446595924562;1,85839325264563e+119
"sa05";"dd03";"dk02";3;0,00806691013202294;9,90447135315106e+130
"sa05";"dd03";"dk02";4;0,00709363560791343;2,13998975831123e+126
"sa05";"dd03";"dk02";5;0,00615920264542435;5,79804756951951e+122
"sa05";"dd03";"dk02";6;0,00953297346309838;6,1457005330115e+144
"sa05";"dd03";"dk02";7;0,00665096678769473;3,24607850710276e+128
"sa05";"dd03";"dk02";8;0,00812880268975394;1,65888523422267e+110
"sa05";"dd03";"dk02";9;0,00749633865225737;9,35883441082988e+120
"sa05";"dd03";"dk03";1;0,00733722412440616;2,87861710371638e+124
"sa05";"dd03";"dk03";10;0,00559598960269029;4,97392375199624e+116
"sa05";"dd03";"dk03";2;0,0102871746157617;1,44367455748519e+123
"sa05";"dd03";"dk03";3;0,00770861136101981;8,67317615499369e+141
"sa05";"dd03";"dk03";4;0,00815542519296915;4,60908283441025e+113
"sa05";"dd03";"dk03";5;0,00817251587658819;1,82557344484464e+115
"sa05";"dd03";"dk03";6;0,0101567421739791;1,48089882964297e+130
"sa05";"dd03";"dk03";7;0,00684943068884748;1,75794521709731e+125
"sa05";"dd03";"dk03";8;0,00806097869987308;4,54605055901878e+139
"sa05";"dd03";"dk03";9;0,00706299702847564;2,17128800336602e+106
"sa05";"dd03";"dk04";1;0,00707898208099587;7,93233858124361e+120
"sa05";"dd03";"dk04";10;0,00522211660373962;1,11999127914276e+117
"sa05";"dd03";"dk04";2;0,0135215001960926;6,17786708593981e+137
"sa05";"dd03";"dk04";3;0,0101983630035904;4,03228641408983e+125
"sa05";"dd03";"dk04";4;0,00946858008147574;1,9707229703968e+106
"sa05";"dd03";"dk04";5;0,00807163187705767;3,62058099395074e+90
"sa05";"dd03";"dk04";6;0,0116433504548525;1,11660984680063e+153
"sa05";"dd03";"dk04";7;0,00827615190518039;9,38756042893024e+106
"sa05";"dd03";"dk04";8;0,0101476685672442;2,89386855878209e+151
"sa05";"dd03";"dk04";9;0,00734543514797067;1,52817768171446e+135
"sa05";"dd03";"dk05";1;0,00867028863208758;3,62851298221083e+124
"sa05";"dd03";"dk05";10;0,00732507048372832;3,49027940805312e+124
"sa05";"dd03";"dk05";2;0,0179155574608404;1,4329296723036e+135
"sa05";"dd03";"dk05";3;0,0121890432602486;1,92742069884784e+115
"sa05";"dd03";"dk05";4;0,00949962602641633;6,43813152392459e+125
"sa05";"dd03";"dk05";5;0,00890597221238113;2,34589362065925e+139
"sa05";"dd03";"dk05";6;0,0131004158841188;1,48109375021727e+148
"sa05";"dd03";"dk05";7;0,00943985037663424;1,12951934865104e+126
"sa05";"dd03";"dk05";8;0,00976018586093552;8,1689393159616e+129
"sa05";"dd03";"dk05";9;0,00806168485987421;6,07828272268294e+109
"sa01";"dd04";"dk01";1;0,00853573280099516;9,14481465642966e+153
"sa01";"dd04";"dk01";10;0,0114744523812701;1,05569955731405e+133
"sa01";"dd04";"dk01";2;0,0120667005594174;1,49865581526391e+144
"sa01";"dd04";"dk01";3;0,00807811320926427;6,84296184491077e+171
"sa01";"dd04";"dk01";4;0,00579482812633289;3,93134847879091e+115
"sa01";"dd04";"dk01";5;0,00954111062496582;5,46276605383256e+100
"sa01";"dd04";"dk01";6;0,0063510631597199;2,03240357125789e+152
"sa01";"dd04";"dk01";7;0,00917669755716779;6,21072888664296e+140
"sa01";"dd04";"dk01";8;0,0104489765375188;3,24365183784279e+111
"sa01";"dd04";"dk01";9;0,0125057908087688;5,05382132087153e+144
"sa01";"dd04";"dk02";1;0,00936516422476544;5,11556399105985e+153
"sa01";"dd04";"dk02";10;0,01330504366875;1,22334154770465e+111
"sa01";"dd04";"dk02";2;0,0140796622819938;1,3969039466782e+137
"sa01";"dd04";"dk02";3;0,0102117331305935;2,70301922192435e+136
"sa01";"dd04";"dk02";4;0,00579167002507254;3,59415235524661e+132
"sa01";"dd04";"dk02";5;0,0108539920512574;1,03761504118521e+127
"sa01";"dd04";"dk02";6;0,00897316984720063;1,87714634146044e+123
"sa01";"dd04";"dk02";7;0,0112570648203493;2,08846583097466e+149
"sa01";"dd04";"dk02";8;0,0092549039278798;7,7004569802285e+139
"sa01";"dd04";"dk02";9;0,0114805903969975;3,77851626853078e+143
"sa01";"dd04";"dk03";1;0,0101533824592374;2,59260101712412e+158
"sa01";"dd04";"dk03";10;0,0135789298209818;5,75177177034853e+133
"sa01";"dd04";"dk03";2;0,0121212349023274;6,38127078667364e+157
"sa01";"dd04";"dk03";3;0,0100395047207752;6,64118045680075e+148
"sa01";"dd04";"dk03";4;0,0076195121887664;1,31923831232003e+132
"sa01";"dd04";"dk03";5;0,0160209265791472;3,83201861536006e+133
"sa01";"dd04";"dk03";6;0,00964766995667907;2,47723369304855e+155
"sa01";"dd04";"dk03";7;0,0089414777932391;8,16320763637481e+130
"sa01";"dd04";"dk03";8;0,00962053636775913;1,11869569388514e+126
"sa01";"dd04";"dk03";9;0,0128429250390181;8,50381366820102e+136
"sa01";"dd04";"dk04";1;0,00864935627293948;1,32883617391335e+145
"sa01";"dd04";"dk04";10;0,0112477702612011;8,21589012937327e+139
"sa01";"dd04";"dk04";2;0,0209733877929165;2,03683399110461e+150
"sa01";"dd04";"dk04";3;0,0136005775930048;3,14146806667575e+131
"sa01";"dd04";"dk04";4;0,00892171041111775;4,85721331030844e+115
"sa01";"dd04";"dk04";5;0,0147447724184782;1,70954473449738e+128
"sa01";"dd04";"dk04";6;0,0113191817126755;1,69813974185457e+121
"sa01";"dd04";"dk04";7;0,0115334714742654;1,71688637452123e+138
"sa01";"dd04";"dk04";8;0,0126175221622773;6,08736003156371e+156
"sa01";"dd04";"dk04";9;0,0135445543665925;2,03785460033566e+129
"sa01";"dd04";"dk05";1;0,0124591753626437;8,83329164873478e+158
"sa01";"dd04";"dk05";10;0,0166972347252528;3,77024260545747e+118
"sa01";"dd04";"dk05";2;0,0259800931970913;7,99785462988546e+166
"sa01";"dd04";"dk05";3;0,0149438879879207;1,2580744678213e+155
"sa01";"dd04";"dk05";4;0,00893693371141538;3,70315291132307e+131
"sa01";"dd04";"dk05";5;0,0143274076798487;2,28538645100184e+136
"sa01";"dd04";"dk05";6;0,0119075994128835;9,17413186133887e+121
"sa01";"dd04";"dk05";7;0,0133614541829338;3,56859020273652e+142
"sa01";"dd04";"dk05";8;0,0114882871437368;7,53351229204196e+138
"sa01";"dd04";"dk05";9;0,013827780837405;3,06337883790404e+150
"sa02";"dd04";"dk01";1;0,00839990550758175;2,41053171846377e+137
"sa02";"dd04";"dk01";10;0,012941503925147;3,26003037104716e+140
"sa02";"dd04";"dk01";2;0,0119904986432132;9,52228784643629e+148
"sa02";"dd04";"dk01";3;0,00732771011475853;3,7042514533835e+142
"sa02";"dd04";"dk01";4;0,0056197842956652;8,14919280217033e+119
"sa02";"dd04";"dk01";5;0,00970892596219743;1,40397660452607e+138
"sa02";"dd04";"dk01";6;0,00632851862595251;7,87761450547382e+144
"sa02";"dd04";"dk01";7;0,00753688551021923;1,10213285834131e+138
"sa02";"dd04";"dk01";8;0,0107116161925718;1,24283333056918e+122
"sa02";"dd04";"dk01";9;0,0117263211393367;3,07977002699546e+141
"sa02";"dd04";"dk02";1;0,00937335552958352;4,76652470505959e+108
"sa02";"dd04";"dk02";10;0,0136385663311562;8,90143151311225e+135
"sa02";"dd04";"dk02";2;0,0149475611502976;5,77839239141335e+114
"sa02";"dd04";"dk02";3;0,00948600435382447;9,25678536868337e+129
"sa02";"dd04";"dk02";4;0,00598383648410264;4,65428097536632e+119
"sa02";"dd04";"dk02";5;0,00957049700965911;6,88456518521972e+130
"sa02";"dd04";"dk02";6;0,00873147252984159;3,49311287076685e+134
"sa02";"dd04";"dk02";7;0,00999760218341585;6,14504360819068e+139
"sa02";"dd04";"dk02";8;0,00937117125035752;4,4514512432215e+125
"sa02";"dd04";"dk02";9;0,0111188265563838;2,07502217758758e+142
"sa02";"dd04";"dk03";1;0,00995882838945642;1,5354853912898e+136
"sa02";"dd04";"dk03";10;0,013915908288959;2,5837179291494e+143
"sa02";"dd04";"dk03";2;0,0123215994311469;5,70484419482001e+105
"sa02";"dd04";"dk03";3;0,00887814718231143;1,5196242591335e+123
"sa02";"dd04";"dk03";4;0,00748623600317806;1,49691019463995e+127
"sa02";"dd04";"dk03";5;0,0132510794714735;2,75897020848731e+129
"sa02";"dd04";"dk03";6;0,00887729161442525;2,68627766046797e+143
"sa02";"dd04";"dk03";7;0,00748306409592983;4,16649190361543e+158
"sa02";"dd04";"dk03";8;0,00974058011722625;2,29880655440954e+124
"sa02";"dd04";"dk03";9;0,0122141918623399;3,88239055564702e+134
"sa02";"dd04";"dk04";1;0,00909614291838106;8,61737105515948e+131
"sa02";"dd04";"dk04";10;0,011805748527336;2,61414833308858e+154
"sa02";"dd04";"dk04";2;0,0209356946399172;6,60666927384934e+134
"sa02";"dd04";"dk04";3;0,0125925503353036;4,34162316160271e+126
"sa02";"dd04";"dk04";4;0,00829223534581566;1,50937827748406e+121
"sa02";"dd04";"dk04";5;0,0136147028646207;1,55963651305992e+140
"sa02";"dd04";"dk04";6;0,0108109236964113;3,74546215529952e+124
"sa02";"dd04";"dk04";7;0,0101980917134383;2,13379493909468e+144
"sa02";"dd04";"dk04";8;0,0129764449879847;6,91063403993165e+147
"sa02";"dd04";"dk04";9;0,0129427826613254;3,76034283695444e+122
"sa02";"dd04";"dk05";1;0,0118849712946671;1,47353101352446e+143
"sa02";"dd04";"dk05";10;0,0179842194928583;1,85396259358735e+117
"sa02";"dd04";"dk05";2;0,0267551728939766;1,59548498051393e+145
"sa02";"dd04";"dk05";3;0,0129874772276431;1,65748535701651e+142
"sa02";"dd04";"dk05";4;0,00925670294480127;6,92848132862857e+112
"sa02";"dd04";"dk05";5;0,0152708501645202;1,7748497830817e+136
"sa02";"dd04";"dk05";6;0,0114095185827347;6,97330576365121e+121
"sa02";"dd04";"dk05";7;0,0137267194335697;1,74248868827004e+141
"sa02";"dd04";"dk05";8;0,0118318014066586;4,16337398875801e+141
"sa02";"dd04";"dk05";9;0,0130999364301043;3,45363822714592e+129
"sa03";"dd04";"dk01";1;0,00884353466797953;2,52411957362627e+147
"sa03";"dd04";"dk01";10;0,0120122211928918;1,40976603917432e+129
"sa03";"dd04";"dk01";2;0,0113874975451238;4,16217780591381e+161
"sa03";"dd04";"dk01";3;0,00864534551255963;1,26191893972443e+151
"sa03";"dd04";"dk01";4;0,00581482703758765;3,96142124173542e+127
"sa03";"dd04";"dk01";5;0,0100708025205601;2,50112625809593e+121
"sa03";"dd04";"dk01";6;0,00716825885231844;7,71534757165411e+168
"sa03";"dd04";"dk01";7;0,0077471962653622;2,98534724744992e+138
"sa03";"dd04";"dk01";8;0,0106840461163762;1,95790023073485e+109
"sa03";"dd04";"dk01";9;0,0100518007088719;2,79380166377498e+124
"sa03";"dd04";"dk02";1;0,00966535527989717;4,23018706914528e+111
"sa03";"dd04";"dk02";10;0,0127843147208548;2,7203919325535e+117
"sa03";"dd04";"dk02";2;0,0141558796959516;5,18832071702616e+131
"sa03";"dd04";"dk02";3;0,0104611266205068;1,2051059207553e+112
"sa03";"dd04";"dk02";4;0,0059576804770318;4,8699684898419e+124
"sa03";"dd04";"dk02";5;0,0097048734514714;1,54588587026817e+135
"sa03";"dd04";"dk02";6;0,00935908605421957;7,857052495632e+148
"sa03";"dd04";"dk02";7;0,00994552879357405;3,8814784089956e+148
"sa03";"dd04";"dk02";8;0,00923301780773935;1,23774556987489e+147
"sa03";"dd04";"dk02";9;0,0109683409889411;3,96579244258337e+111
"sa03";"dd04";"dk03";1;0,0105139280942907;3,9434561844386e+149
"sa03";"dd04";"dk03";10;0,0133041515510356;1,54136771662018e+129
"sa03";"dd04";"dk03";2;0,0116644413294706;6,66914363583838e+126
"sa03";"dd04";"dk03";3;0,00980473625578804;1,53644464382724e+131
"sa03";"dd04";"dk03";4;0,00763794292809306;6,33271973024016e+126
"sa03";"dd04";"dk03";5;0,0133355806214394;1,44601627605729e+133
"sa03";"dd04";"dk03";6;0,0104462557904921;2,34066982633789e+145
"sa03";"dd04";"dk03";7;0,00767918250022573;6,44875282951552e+155
"sa03";"dd04";"dk03";8;0,00971175610896807;3,57135847403237e+105
"sa03";"dd04";"dk03";9;0,0121359330226816;1,33928832143923e+133
"sa03";"dd04";"dk04";1;0,00878140009465543;2,15239568940057e+145
"sa03";"dd04";"dk04";10;0,0111286612256431;1,71877332210429e+146
"sa03";"dd04";"dk04";2;0,0196647237079831;8,45340777936281e+128
"sa03";"dd04";"dk04";3;0,0139760483770868;1,05752184964338e+140
"sa03";"dd04";"dk04";4;0,00839472569074142;7,93532859380553e+107
"sa03";"dd04";"dk04";5;0,0140345585802953;1,92311846364669e+129
"sa03";"dd04";"dk04";6;0,0121579744709571;8,44978335507845e+146
"sa03";"dd04";"dk04";7;0,0101722205221343;1,40548628473364e+132
"sa03";"dd04";"dk04";8;0,0128915783614395;1,00482268759917e+133
"sa03";"dd04";"dk04";9;0,0119773726470332;1,39504145635938e+128
"sa03";"dd04";"dk05";1;0,0130224069207268;1,66811199257378e+140
"sa03";"dd04";"dk05";10;0,0163383708317321;3,30106111562883e+120
"sa03";"dd04";"dk05";2;0,0248230654434943;1,38477629887449e+153
"sa03";"dd04";"dk05";3;0,0149337646934548;6,59690253051611e+126
"sa03";"dd04";"dk05";4;0,00915234715835983;7,13838516147257e+108
"sa03";"dd04";"dk05";5;0,0157543004887218;3,61267251082789e+133
"sa03";"dd04";"dk05";6;0,0125105121355067;1,72666774982924e+152
"sa03";"dd04";"dk05";7;0,0125487951644957;5,53270558614328e+134
"sa03";"dd04";"dk05";8;0,011779842771775;1,2307246235454e+123
"sa03";"dd04";"dk05";9;0,0130313633350066;6,08044749484258e+132
"sa04";"dd04";"dk01";1;0,00861861195319482;9,70352265483916e+139
"sa04";"dd04";"dk01";10;0,0123427971774957;1,73832715308264e+146
"sa04";"dd04";"dk01";2;0,0117747769869992;5,82529953921784e+155
"sa04";"dd04";"dk01";3;0,00808012614821523;9,05194380754104e+125
"sa04";"dd04";"dk01";4;0,00592996374749058;1,4180512680963e+116
"sa04";"dd04";"dk01";5;0,00975218221209417;3,61064595140199e+125
"sa04";"dd04";"dk01";6;0,00696598712430369;1,54931670224326e+157
"sa04";"dd04";"dk01";7;0,00799841421510247;6,98698369942138e+143
"sa04";"dd04";"dk01";8;0,0101848841379481;1,72354287809294e+133
"sa04";"dd04";"dk01";9;0,0111877507549833;3,6251938521257e+127
"sa04";"dd04";"dk02";1;0,00963280606755109;1,00967664599274e+127
"sa04";"dd04";"dk02";10;0,0131638358488576;3,14702963258326e+131
"sa04";"dd04";"dk02";2;0,0148772896587166;1,98118430566163e+134
"sa04";"dd04";"dk02";3;0,0100776433543824;4,86311972740859e+111
"sa04";"dd04";"dk02";4;0,00599547563962384;1,39639324482148e+128
"sa04";"dd04";"dk02";5;0,0102716385207923;1,14559822370539e+139
"sa04";"dd04";"dk02";6;0,00935497205382317;5,6326792482367e+129
"sa04";"dd04";"dk02";7;0,0103123823163922;9,83813278113334e+137
"sa04";"dd04";"dk02";8;0,00889337749772063;1,07600819119562e+135
"sa04";"dd04";"dk02";9;0,0108047323489227;5,48361986982258e+141
"sa04";"dd04";"dk03";1;0,0104634604132338;8,06669671090213e+136
"sa04";"dd04";"dk03";10;0,013792041631754;1,38884394560967e+125
"sa04";"dd04";"dk03";2;0,0122691814302734;7,65604796139727e+110
"sa04";"dd04";"dk03";3;0,00963774005591074;1,63502149219596e+136
"sa04";"dd04";"dk03";4;0,00800232510794833;2,16095876942006e+126
"sa04";"dd04";"dk03";5;0,0147768184366044;2,99567696666113e+137
"sa04";"dd04";"dk03";6;0,0100909692945456;7,80638160512988e+139
"sa04";"dd04";"dk03";7;0,00840122425556577;3,47188085448545e+133
"sa04";"dd04";"dk03";8;0,00902943455151863;1,21719512176699e+138
"sa04";"dd04";"dk03";9;0,0115117864576644;7,85162248657089e+152
"sa04";"dd04";"dk04";1;0,00894007799772907;3,15207777889689e+139
"sa04";"dd04";"dk04";10;0,0113841139201812;3,0198463323532e+146
"sa04";"dd04";"dk04";2;0,0201824350264771;9,45871740474253e+149
"sa04";"dd04";"dk04";3;0,0132772415533147;2,59127482225085e+122
"sa04";"dd04";"dk04";4;0,00852402205647905;2,45151532624381e+128
"sa04";"dd04";"dk04";5;0,0144383894699508;4,61095053296434e+131
"sa04";"dd04";"dk04";6;0,0120049130794941;1,84301519772939e+120
"sa04";"dd04";"dk04";7;0,0110213998475987;1,19506730186747e+137
"sa04";"dd04";"dk04";8;0,0118639870721501;1,38600582639784e+142
"sa04";"dd04";"dk04";9;0,0126304361366213;1,0832743494357e+114
"sa04";"dd04";"dk05";1;0,012317046037626;4,45571381717194e+143
"sa04";"dd04";"dk05";10;0,0169003719654583;1,83092228190672e+112
"sa04";"dd04";"dk05";2;0,0246802062246032;7,43251813593358e+147
"sa04";"dd04";"dk05";3;0,0141241818659334;5,36395482719522e+133
"sa04";"dd04";"dk05";4;0,00942452693826111;1,3851254532331e+115
"sa04";"dd04";"dk05";5;0,0151853612075586;1,17873978555442e+129
"sa04";"dd04";"dk05";6;0,012426071727569;5,72521470878117e+133
"sa04";"dd04";"dk05";7;0,0127059650200465;2,89376538639861e+145
"sa04";"dd04";"dk05";8;0,0108463107151112;4,02402920764873e+158
"sa04";"dd04";"dk05";9;0,0124048886917675;3,2733155179033e+120
"sa05";"dd04";"dk01";1;0,00925392265132342;9,6209411541177e+134
"sa05";"dd04";"dk01";10;0,011842337729088;2,90326146778532e+145
"sa05";"dd04";"dk01";2;0,0118134638232055;1,62711515046804e+139
"sa05";"dd04";"dk01";3;0,0106226444891633;2,06609969634829e+149
"sa05";"dd04";"dk01";4;0,00590438028855069;5,25255071962443e+129
"sa05";"dd04";"dk01";5;0,00994178934450762;1,26955508366037e+109
"sa05";"dd04";"dk01";6;0,00700903665505824;1,25574707544593e+166
"sa05";"dd04";"dk01";7;0,00930101752549891;8,20640905543958e+119
"sa05";"dd04";"dk01";8;0,00976776161439835;7,62969081292433e+135
"sa05";"dd04";"dk01";9;0,0091055053203775;1,09475807586422e+125
"sa05";"dd04";"dk02";1;0,0107249373801108;4,43331917046421e+121
"sa05";"dd04";"dk02";10;0,0131158522703877;1,11825319253401e+115
"sa05";"dd04";"dk02";2;0,0157299175843272;1,67091482232497e+144
"sa05";"dd04";"dk02";3;0,0115040644889978;7,08527450975859e+104
"sa05";"dd04";"dk02";4;0,00618734408209963;7,57651686979151e+142
"sa05";"dd04";"dk02";5;0,0103842803718819;4,57352937869656e+108
"sa05";"dd04";"dk02";6;0,00953907684028186;5,22627635694349e+132
"sa05";"dd04";"dk02";7;0,0108824723968196;4,52559587451058e+134
"sa05";"dd04";"dk02";8;0,00850004893511866;4,19381157884709e+101
"sa05";"dd04";"dk02";9;0,01126620311748;1,30205897999898e+117
"sa05";"dd04";"dk03";1;0,0113555215357093;8,24490935429172e+138
"sa05";"dd04";"dk03";10;0,0135892242692758;7,48161987890433e+130
"sa05";"dd04";"dk03";2;0,0125575757489256;1,81850054915461e+110
"sa05";"dd04";"dk03";3;0,0120098314079219;1,07095841776626e+128
"sa05";"dd04";"dk03";4;0,00800260140117183;8,8832627004533e+117
"sa05";"dd04";"dk03";5;0,0157831694963639;3,25645381407724e+107
"sa05";"dd04";"dk03";6;0,0103246350209923;4,58688425139634e+149
"sa05";"dd04";"dk03";7;0,010011402120265;1,24700290814006e+129
"sa05";"dd04";"dk03";8;0,0086265175848928;4,32164530065993e+145
"sa05";"dd04";"dk03";9;0,0118973954415402;2,94350653140071e+102
"sa05";"dd04";"dk04";1;0,0106347077996511;5,01143344673147e+133
"sa05";"dd04";"dk04";10;0,011337156758544;1,29721382540523e+134
"sa05";"dd04";"dk04";2;0,0202989103825268;1,50882514065896e+144
"sa05";"dd04";"dk04";3;0,014569849902261;8,32346622957984e+99
"sa05";"dd04";"dk04";4;0,00861311389611604;3,74555210971376e+105
"sa05";"dd04";"dk04";5;0,0146582075559893;1,52437606223134e+119
"sa05";"dd04";"dk04";6;0,0116015455582154;1,436963040236e+149
"sa05";"dd04";"dk04";7;0,0122569935126466;2,55032443296501e+121
"sa05";"dd04";"dk04";8;0,0108279677325784;5,02414042142215e+154
"sa05";"dd04";"dk04";9;0,0115621175387288;1,4616767623882e+120
"sa05";"dd04";"dk05";1;0,0134807348456616;1,7758477729792e+140
"sa05";"dd04";"dk05";10;0,0161907550514121;3,80786868847451e+137
"sa05";"dd04";"dk05";2;0,0248717457848679;5,65496288103918e+141
"sa05";"dd04";"dk05";3;0,0183374956266745;6,05367944240985e+142
"sa05";"dd04";"dk05";4;0,00948574199446532;1,97704465214861e+123
"sa05";"dd04";"dk05";5;0,0152753899863593;5,86231652974296e+136
"sa05";"dd04";"dk05";6;0,0122109537929445;1,99597655585675e+140
"sa05";"dd04";"dk05";7;0,0128233908754296;1,4703848137414e+115
"sa05";"dd04";"dk05";8;0,0101124839605234;7,41107735494305e+145
"sa05";"dd04";"dk05";9;0,0125007840650434;1,82130943747469e+102
"sa01";"dd05";"dk01";1;0,00820574937282684;7,54309568553378e+159
"sa01";"dd05";"dk01";10;0,00881341489047203;1,27692598737216e+147
"sa01";"dd05";"dk01";2;0,00846913452068434;3,9044586033119e+150
"sa01";"dd05";"dk01";3;0,0087983897162545;3,08979110350485e+169
"sa01";"dd05";"dk01";4;0,0133122409353463;9,64753275587389e+115
"sa01";"dd05";"dk01";5;0,00917036465615667;1,76887009540244e+122
"sa01";"dd05";"dk01";6;0,0168661444675875;5,64140533798929e+148
"sa01";"dd05";"dk01";7;0,010414708553787;6,54096040833183e+132
"sa01";"dd05";"dk01";8;0,01187643018504;3,59296630941923e+118
"sa01";"dd05";"dk01";9;0,0112052898588242;9,06640103396727e+140
"sa01";"dd05";"dk02";1;0,0097247373416538;8,0052798460353e+132
"sa01";"dd05";"dk02";10;0,00901264893178686;1,13590180090982e+115
"sa01";"dd05";"dk02";2;0,0116560855414048;5,30576446921382e+117
"sa01";"dd05";"dk02";3;0,0102026776723879;1,19165015224328e+149
"sa01";"dd05";"dk02";4;0,0133905536179362;2,46353803929786e+153
"sa01";"dd05";"dk02";5;0,0114988635535642;5,98726795289871e+144
"sa01";"dd05";"dk02";6;0,0297473710433375;2,54836963955009e+143
"sa01";"dd05";"dk02";7;0,012202588297564;9,17037353140359e+144
"sa01";"dd05";"dk02";8;0,0111968632110324;4,37116111379624e+121
"sa01";"dd05";"dk02";9;0,0140562808216933;2,57810274517851e+156
"sa01";"dd05";"dk03";1;0,0111253536642004;2,33935855431925e+161
"sa01";"dd05";"dk03";10;0,00924288849229466;1,72130239096334e+136
"sa01";"dd05";"dk03";2;0,0108677422781203;4,96256283446818e+139
"sa01";"dd05";"dk03";3;0,00985510569120879;3,34136919560132e+156
"sa01";"dd05";"dk03";4;0,0180673138380064;3,6823023378962e+144
"sa01";"dd05";"dk03";5;0,0148590649776641;2,68445249240694e+123
"sa01";"dd05";"dk03";6;0,0256319558525043;1,05956463797933e+149
"sa01";"dd05";"dk03";7;0,0107077606185472;1,89199542946802e+132
"sa01";"dd05";"dk03";8;0,0113275843069574;5,99328367550834e+123
"sa01";"dd05";"dk03";9;0,0135442235995546;1,58747927090809e+136
"sa01";"dd05";"dk04";1;0,00958441897906228;4,49476229994616e+148
"sa01";"dd05";"dk04";10;0,00830451470911212;4,75581325951899e+138
"sa01";"dd05";"dk04";2;0,0150054111031453;1,96510824364051e+141
"sa01";"dd05";"dk04";3;0,0147952302820404;1,58246550310608e+157
"sa01";"dd05";"dk04";4;0,0215948983285124;5,36657914277649e+124
"sa01";"dd05";"dk04";5;0,0148822605371153;1,089015630571e+158
"sa01";"dd05";"dk04";6;0,0349422342549465;1,96183931231303e+148
"sa01";"dd05";"dk04";7;0,0145852606826069;5,33767906983402e+130
"sa01";"dd05";"dk04";8;0,0137004456269234;2,54402148755653e+144
"sa01";"dd05";"dk04";9;0,0137262429794591;2,92487349824993e+124
"sa01";"dd05";"dk05";1;0,0127427612984129;3,30839787523112e+161
"sa01";"dd05";"dk05";10;0,0119528796379551;1,21168558797559e+100
"sa01";"dd05";"dk05";2;0,0164633630494284;1,83985906631245e+131
"sa01";"dd05";"dk05";3;0,0133445655370336;1,06229249442705e+164
"sa01";"dd05";"dk05";4;0,0198394428759148;2,4648072294217e+148
"sa01";"dd05";"dk05";5;0,0158619401994252;5,98373818945082e+141
"sa01";"dd05";"dk05";6;0,0388270069388924;1,39757982560046e+152
"sa01";"dd05";"dk05";7;0,0187779331483784;2,64497085487123e+132
"sa01";"dd05";"dk05";8;0,0145084185886602;1,10734592394872e+139
"sa01";"dd05";"dk05";9;0,0156995027941196;3,09343959397874e+132
"sa02";"dd05";"dk01";1;0,00789450678914004;6,93743496272039e+119
"sa02";"dd05";"dk01";10;0,00976689935194084;1,12417238785898e+144
"sa02";"dd05";"dk01";2;0,00850582684219415;2,23059004728971e+161
"sa02";"dd05";"dk01";3;0,00837954385752752;1,05849048677439e+149
"sa02";"dd05";"dk01";4;0,0123792266983749;4,05617122343612e+126
"sa02";"dd05";"dk01";5;0,00991387252468993;5,28471315533968e+143
"sa02";"dd05";"dk01";6;0,0177705133146334;2,01631478334061e+150
"sa02";"dd05";"dk01";7;0,0111930606117593;2,26755579822699e+128
"sa02";"dd05";"dk01";8;0,0160301086486133;2,29271706737746e+140
"sa02";"dd05";"dk01";9;0,0108025108489809;1,24636359629527e+118
"sa02";"dd05";"dk02";1;0,00889621326462697;5,67617932336334e+128
"sa02";"dd05";"dk02";10;0,0094361796081917;4,52883289445508e+126
"sa02";"dd05";"dk02";2;0,0118457031601111;3,83637183628853e+111
"sa02";"dd05";"dk02";3;0,0106355963715784;2,81707567990197e+125
"sa02";"dd05";"dk02";4;0,0126314897550002;7,57287997642807e+139
"sa02";"dd05";"dk02";5;0,0114266151847175;8,68341034176153e+135
"sa02";"dd05";"dk02";6;0,0300623775197983;8,0491902889442e+142
"sa02";"dd05";"dk02";7;0,0138673202542865;1,3543609887356e+143
"sa02";"dd05";"dk02";8;0,0149325139223314;4,36162045127188e+124
"sa02";"dd05";"dk02";9;0,0137666628238803;1,17548981783769e+145
"sa02";"dd05";"dk03";1;0,00990552991057714;2,11351411054812e+135
"sa02";"dd05";"dk03";10;0,00979769843304098;4,17629263618353e+153
"sa02";"dd05";"dk03";2;0,010492553986218;5,3173252380869e+119
"sa02";"dd05";"dk03";3;0,00971298186850496;2,16440309291403e+120
"sa02";"dd05";"dk03";4;0,0167248908398693;1,78171882548687e+150
"sa02";"dd05";"dk03";5;0,0135619012394449;1,11054665002599e+149
"sa02";"dd05";"dk03";6;0,0246022558962364;4,49589688913007e+164
"sa02";"dd05";"dk03";7;0,0120905305469391;7,29287185382582e+149
"sa02";"dd05";"dk03";8;0,0150193625975807;1,55962608621846e+121
"sa02";"dd05";"dk03";9;0,013365699337426;5,86879778629223e+142
"sa02";"dd05";"dk04";1;0,00946490313309856;6,49628578187322e+132
"sa02";"dd05";"dk04";10;0,00847163578866627;2,19671527891657e+142
"sa02";"dd05";"dk04";2;0,0146926401178974;6,52840975133036e+140
"sa02";"dd05";"dk04";3;0,0145006656233177;4,6417972643122e+131
"sa02";"dd05";"dk04";4;0,0186771838756743;2,70136519830866e+128
"sa02";"dd05";"dk04";5;0,0151388525920425;1,26272166875498e+130
"sa02";"dd05";"dk04";6;0,0367202078973985;3,66557837414443e+141
"sa02";"dd05";"dk04";7;0,0167884365805134;1,37643973561515e+132
"sa02";"dd05";"dk04";8;0,0181331310085933;6,16287053966086e+161
"sa02";"dd05";"dk04";9;0,0134625463427848;9,44447809626171e+112
"sa02";"dd05";"dk05";1;0,0116166394061396;2,25002963666798e+145
"sa02";"dd05";"dk05";10;0,0132204436320102;1,14623758870687e+114
"sa02";"dd05";"dk05";2;0,0168651719162292;3,00741859107631e+134
"sa02";"dd05";"dk05";3;0,0133864948679589;1,00169787255365e+145
"sa02";"dd05";"dk05";4;0,0192198489045903;9,66969343560917e+140
"sa02";"dd05";"dk05";5;0,0174162996758368;2,2688820145761e+141
"sa02";"dd05";"dk05";6;0,0416052520495674;2,53887612075327e+133
"sa02";"dd05";"dk05";7;0,0232008702782303;3,60963492189947e+125
"sa02";"dd05";"dk05";8;0,0194453865348662;3,17803633707793e+149
"sa02";"dd05";"dk05";9;0,0152270208807977;2,88463564185532e+137
"sa03";"dd05";"dk01";1;0,00821646333297327;3,86069717116563e+132
"sa03";"dd05";"dk01";10;0,00984031486752831;1,65266571981968e+137
"sa03";"dd05";"dk01";2;0,00866927593495801;9,62066631452729e+145
"sa03";"dd05";"dk01";3;0,00942788223761662;1,13165745776056e+149
"sa03";"dd05";"dk01";4;0,0128176639334749;2,14132177876621e+115
"sa03";"dd05";"dk01";5;0,0102093670698226;8,32192810377574e+159
"sa03";"dd05";"dk01";6;0,0197625281557052;6,09061058858242e+151
"sa03";"dd05";"dk01";7;0,011563439363768;5,72464855615971e+182
"sa03";"dd05";"dk01";8;0,0126438218874914;7,334558936342e+117
"sa03";"dd05";"dk01";9;0,0110872022121769;4,99008434238261e+137
"sa03";"dd05";"dk02";1;0,00958197750438525;1,91525532231265e+136
"sa03";"dd05";"dk02";10;0,00948327734230619;9,83361749620895e+130
"sa03";"dd05";"dk02";2;0,0121657769435971;1,38207871349326e+104
"sa03";"dd05";"dk02";3;0,0114553404169243;3,79519878115722e+133
"sa03";"dd05";"dk02";4;0,0127926833971793;5,29142138388293e+138
"sa03";"dd05";"dk02";5;0,0119006460067261;3,45049615698283e+141
"sa03";"dd05";"dk02";6;0,033358146155814;1,14622730522975e+148
"sa03";"dd05";"dk02";7;0,0143053512181319;4,39917176539086e+143
"sa03";"dd05";"dk02";8;0,0116789165497763;2,02995727103282e+131
"sa03";"dd05";"dk02";9;0,016875365391982;7,62871979619212e+115
"sa03";"dd05";"dk03";1;0,0111060636875586;9,58078236868518e+155
"sa03";"dd05";"dk03";10;0,0101609876255243;1,47014818541222e+132
"sa03";"dd05";"dk03";2;0,011080712842297;1,36878501311822e+89
"sa03";"dd05";"dk03";3;0,0106077742975287;9,17209788453611e+141
"sa03";"dd05";"dk03";4;0,0171421871454507;1,73792937869373e+144
"sa03";"dd05";"dk03";5;0,0137565135738347;9,96908345844452e+133
"sa03";"dd05";"dk03";6;0,0297824916607977;9,28449866969221e+158
"sa03";"dd05";"dk03";7;0,0123615154531237;2,19359736382266e+139
"sa03";"dd05";"dk03";8;0,0118811818675197;2,46851135448176e+113
"sa03";"dd05";"dk03";9;0,0160670141890851;1,80138458275883e+118
"sa03";"dd05";"dk04";1;0,00949423198674555;8,6480005424788e+137
"sa03";"dd05";"dk04";10;0,00885676543557479;1,76760646147444e+139
"sa03";"dd05";"dk04";2;0,0149362427492097;3,98986162403045e+119
"sa03";"dd05";"dk04";3;0,015700288583017;2,20528302738772e+131
"sa03";"dd05";"dk04";4;0,0191818935690654;2,10174305342962e+118
"sa03";"dd05";"dk04";5;0,0158121356704739;8,6322899441061e+144
"sa03";"dd05";"dk04";6;0,0418024543775036;2,13886180853539e+153
"sa03";"dd05";"dk04";7;0,0171673180172131;1,18976916755656e+119
"sa03";"dd05";"dk04";8;0,0142265994125758;1,29463717425143e+145
"sa03";"dd05";"dk04";9;0,0152083084440291;5,74530066256181e+127
"sa03";"dd05";"dk05";1;0,0128522948058579;5,09849326146652e+156
"sa03";"dd05";"dk05";10;0,0123794415901836;2,02051093027761e+107
"sa03";"dd05";"dk05";2;0,016594710983835;3,4474162179705e+126
"sa03";"dd05";"dk05";3;0,0147302604597494;9,0593911485783e+136
"sa03";"dd05";"dk05";4;0,0196762671077758;7,46728643443087e+134
"sa03";"dd05";"dk05";5;0,0180248795845242;5,73211536078962e+157
"sa03";"dd05";"dk05";6;0,0433840617793591;5,16587490922245e+149
"sa03";"dd05";"dk05";7;0,0221881501394819;5,35246109258498e+143
"sa03";"dd05";"dk05";8;0,015168297229724;1,51745837260978e+154
"sa03";"dd05";"dk05";9;0,0190666043043692;3,80786491822984e+123
"sa04";"dd05";"dk01";1;0,00774530771045464;2,49538151759812e+139
"sa04";"dd05";"dk01";10;0,00990557690852324;2,16226279666356e+114
"sa04";"dd05";"dk01";2;0,0093323166062337;1,59563130813108e+151
"sa04";"dd05";"dk01";3;0,00872114412803261;8,75528340129546e+135
"sa04";"dd05";"dk01";4;0,0124085798842318;1,24336055411181e+132
"sa04";"dd05";"dk01";5;0,00951074274777123;1,59201500861441e+143
"sa04";"dd05";"dk01";6;0,0194436008373236;5,34246038573208e+142
"sa04";"dd05";"dk01";7;0,0114012553541693;8,06679129136992e+156
"sa04";"dd05";"dk01";8;0,013450121435784;1,05071065101144e+138
"sa04";"dd05";"dk01";9;0,010867119220976;5,42458649539211e+121
"sa04";"dd05";"dk02";1;0,00886693722820973;2,17006912663928e+133
"sa04";"dd05";"dk02";10;0,00937640782496332;5,28338302874812e+117
"sa04";"dd05";"dk02";2;0,0123963791792094;2,95140609955516e+114
"sa04";"dd05";"dk02";3;0,0109727938411667;5,2142389645421e+138
"sa04";"dd05";"dk02";4;0,0124855858269914;2,24559438384469e+135
"sa04";"dd05";"dk02";5;0,0113813542423045;8,12789617470474e+130
"sa04";"dd05";"dk02";6;0,0332180339479922;2,36905034085944e+145
"sa04";"dd05";"dk02";7;0,0136315531145126;2,33857908977944e+130
"sa04";"dd05";"dk02";8;0,0122237080388471;2,70324007318455e+142
"sa04";"dd05";"dk02";9;0,0140264105091493;6,04098337882921e+133
"sa04";"dd05";"dk03";1;0,0101741436503356;4,37632864617708e+135
"sa04";"dd05";"dk03";10;0,0101192107908875;2,3739508077397e+141
"sa04";"dd05";"dk03";2;0,0112115502262218;4,61532852645498e+124
"sa04";"dd05";"dk03";3;0,0100498633670378;3,03246477183877e+140
"sa04";"dd05";"dk03";4;0,0172436466031999;1,22766347937412e+135
"sa04";"dd05";"dk03";5;0,0142641610407846;1,04985400414437e+127
"sa04";"dd05";"dk03";6;0,029356473197042;1,58949299353906e+143
"sa04";"dd05";"dk03";7;0,0120694939195084;3,10344739160029e+144
"sa04";"dd05";"dk03";8;0,012390309662884;1,89486021813376e+132
"sa04";"dd05";"dk03";9;0,0132347864709676;4,359481772117e+130
"sa04";"dd05";"dk04";1;0,00893949048496479;3,54057073469298e+125
"sa04";"dd05";"dk04";10;0,00874173447300338;1,19046553684059e+132
"sa04";"dd05";"dk04";2;0,015103842972326;3,16713447369053e+134
"sa04";"dd05";"dk04";3;0,0149222283409308;3,19578358426196e+124
"sa04";"dd05";"dk04";4;0,0186153420566575;1,69044103302405e+141
"sa04";"dd05";"dk04";5;0,0151734882394598;7,94965831265917e+150
"sa04";"dd05";"dk04";6;0,0421295892764136;8,36618878421498e+157
"sa04";"dd05";"dk04";7;0,0167655168360487;9,22049678750453e+122
"sa04";"dd05";"dk04";8;0,0149153372551126;3,03361577755997e+136
"sa04";"dd05";"dk04";9;0,0140346656871656;3,49265592920281e+127
"sa04";"dd05";"dk05";1;0,0116433727496325;1,63774799462133e+127
"sa04";"dd05";"dk05";10;0,0125587621930202;6,6438232522943e+105
"sa04";"dd05";"dk05";2;0,0167042219653823;3,91749468533113e+144
"sa04";"dd05";"dk05";3;0,0137798270458661;6,67553314042345e+142
"sa04";"dd05";"dk05";4;0,0192965609331934;8,73822751344054e+141
"sa04";"dd05";"dk05";5;0,0167878946104315;5,43368726821723e+150
"sa04";"dd05";"dk05";6;0,0446602718709354;5,3305453820221e+143
"sa04";"dd05";"dk05";7;0,0205148864299988;6,4235842122241e+137
"sa04";"dd05";"dk05";8;0,0158979479351344;4,12087746409719e+146
"sa04";"dd05";"dk05";9;0,0156646375134062;7,81753211580877e+132
"sa05";"dd05";"dk01";1;0,00840040555552427;1,81748607047331e+126
"sa05";"dd05";"dk01";10;0,00980714884856894;7,47085732338823e+124
"sa05";"dd05";"dk01";2;0,00925281378264152;2,77135673344079e+134
"sa05";"dd05";"dk01";3;0,00955336975157879;4,61621827415127e+137
"sa05";"dd05";"dk01";4;0,0128159816806338;5,1351586569915e+115
"sa05";"dd05";"dk01";5;0,00965350124213844;3,00326299765407e+116
"sa05";"dd05";"dk01";6;0,0173486963981385;1,05842359380147e+153
"sa05";"dd05";"dk01";7;0,0112803223676339;9,98015331563456e+135
"sa05";"dd05";"dk01";8;0,0139182893225006;2,96683440602053e+144
"sa05";"dd05";"dk01";9;0,010654424309953;1,91746727026194e+128
"sa05";"dd05";"dk02";1;0,0099395771784784;3,18977513066915e+113
"sa05";"dd05";"dk02";10;0,00932250143687264;1,18281222359269e+125
"sa05";"dd05";"dk02";2;0,0125222973598296;9,46595345507804e+135
"sa05";"dd05";"dk02";3;0,0101713549764471;2,22691090122026e+124
"sa05";"dd05";"dk02";4;0,0131150722280973;8,48076198462201e+149
"sa05";"dd05";"dk02";5;0,0116148149823527;2,60927897080974e+118
"sa05";"dd05";"dk02";6;0,0290477400031611;2,08527068579187e+136
"sa05";"dd05";"dk02";7;0,0128595807603791;5,27578311445323e+131
"sa05";"dd05";"dk02";8;0,0123897484959117;2,15022839936072e+123
"sa05";"dd05";"dk02";9;0,0181173567385379;7,64615835095892e+121
"sa05";"dd05";"dk03";1;0,0113289470233038;1,78977182494378e+135
"sa05";"dd05";"dk03";10;0,0102031934812356;5,86939369607509e+137
"sa05";"dd05";"dk03";2;0,0109478864470186;1,26002986849877e+121
"sa05";"dd05";"dk03";3;0,0103231470540579;1,07120621362478e+153
"sa05";"dd05";"dk03";4;0,0175365173766053;1,10319108329632e+131
"sa05";"dd05";"dk03";5;0,0152657368709;4,68907793133249e+114
"sa05";"dd05";"dk03";6;0,0257320239849926;9,46267626792481e+152
"sa05";"dd05";"dk03";7;0,0121862636718528;5,38114274111355e+123
"sa05";"dd05";"dk03";8;0,0129312304435815;2,07799357482402e+137
"sa05";"dd05";"dk03";9;0,0163849088897218;3,63101926539824e+109
"sa05";"dd05";"dk04";1;0,0109853407926572;1,12078002866094e+124
"sa05";"dd05";"dk04";10;0,00901013833298175;5,34628059916095e+119
"sa05";"dd05";"dk04";2;0,0148173617397475;7,5379739960256e+137
"sa05";"dd05";"dk04";3;0,0136840982266404;2,76790535070178e+123
"sa05";"dd05";"dk04";4;0,0194835697953202;1,60922881664522e+123
"sa05";"dd05";"dk04";5;0,0155854331717227;2,58319695147695e+133
"sa05";"dd05";"dk04";6;0,0341980686426082;4,29523655340465e+146
"sa05";"dd05";"dk04";7;0,0157579030073858;4,37123988843938e+94
"sa05";"dd05";"dk04";8;0,0145237413724871;4,52891368269971e+144
"sa05";"dd05";"dk04";9;0,0152598163029082;8,19175631005929e+135
"sa05";"dd05";"dk05";1;0,0134286132003123;1,15995607489516e+133
"sa05";"dd05";"dk05";10;0,011774949715168;4,9700655980088e+121
"sa05";"dd05";"dk05";2;0,0165801532746825;1,2763761833737e+137
"sa05";"dd05";"dk05";3;0,0143650037526048;6,91771471602212e+139
"sa05";"dd05";"dk05";4;0,0193056013625524;1,55071170697536e+137
"sa05";"dd05";"dk05";5;0,0169683883174397;6,01462527047226e+145
"sa05";"dd05";"dk05";6;0,0377253968721776;8,06190922646015e+117
"sa05";"dd05";"dk05";7;0,0181790224182757;1,11865376138833e+126
"sa05";"dd05";"dk05";8;0,0160948651532817;8,65691013408937e+134
"sa05";"dd05";"dk05";9;0,0191816176599329;1,40778570621984e+115
