"dist";"hwi";"disp.rate";"species"
0;13,925;1;"Acanthisitta_chloris"
10;13,925;0,487661942200256;"Acanthisitta_chloris"
20;13,925;0,237814169870526;"Acanthisitta_chloris"
30;13,925;0,115972919961802;"Acanthisitta_chloris"
40;13,925;0,0565555793912075;"Acanthisitta_chloris"
50;13,925;0,027580003688177;"Acanthisitta_chloris"
60;13,925;0,0134497181644666;"Acanthisitta_chloris"
70;13,925;0,00655891568212987;"Acanthisitta_chloris"
80;13,925;0,00319853356027517;"Acanthisitta_chloris"
90;13,925;0,00155980308819649;"Acanthisitta_chloris"
100;13,925;0,000760656603439858;"Acanthisitta_chloris"
110;13,925;0,000370943276580931;"Acanthisitta_chloris"
120;13,925;0,000180894918703584;"Acanthisitta_chloris"
130;13,925;8,82155673891471e-05;"Acanthisitta_chloris"
140;13,925;4,30193749252891e-05;"Acanthisitta_chloris"
150;13,925;2,09789119283075e-05;"Acanthisitta_chloris"
160;13,925;1,02306169362066e-05;"Acanthisitta_chloris"
170;13,925;4,98908252501732e-06;"Acanthisitta_chloris"
180;13,925;2,43298567394731e-06;"Acanthisitta_chloris"
190;13,925;1,18647451910254e-06;"Acanthisitta_chloris"
200;13,925;5,78598468356662e-07;"Acanthisitta_chloris"
210;13,925;2,82160452832903e-07;"Acanthisitta_chloris"
220;13,925;1,37598914440597e-07;"Acanthisitta_chloris"
230;13,925;6,71017538607487e-08;"Acanthisitta_chloris"
240;13,925;3,27229716127762e-08;"Acanthisitta_chloris"
250;13,925;1,59577478912503e-08;"Acanthisitta_chloris"
260;13,925;7,78198632978915e-09;"Acanthisitta_chloris"
270;13,925;3,79497856776083e-09;"Acanthisitta_chloris"
280;13,925;1,85066661896259e-09;"Acanthisitta_chloris"
290;13,925;9,02499677768479e-10;"Acanthisitta_chloris"
300;13,925;4,40114745695682e-10;"Acanthisitta_chloris"
0;23,59;1;"Acridotheres_tristis"
10;23,59;0,654483806465978;"Acridotheres_tristis"
20;23,59;0,428349052926196;"Acridotheres_tristis"
30;23,59;0,280347518655234;"Acridotheres_tristis"
40;23,59;0,183482911142769;"Acridotheres_tristis"
50;23,59;0,120086594106179;"Acridotheres_tristis"
60;23,59;0,0785947312161467;"Acridotheres_tristis"
70;23,59;0,0514389788545141;"Acridotheres_tristis"
80;23,59;0,0336659786814254;"Acridotheres_tristis"
90;23,59;0,0220338378758218;"Acridotheres_tristis"
100;23,59;0,0144207900840221;"Acridotheres_tristis"
110;23,59;0,0094381735864376;"Acridotheres_tristis"
120;23,59;0,00617713177493834;"Acridotheres_tristis"
130;23,59;0,00404283271710359;"Acridotheres_tristis"
140;23,59;0,00264596854559515;"Acridotheres_tristis"
150;23,59;0,00173174356551036;"Acridotheres_tristis"
160;23,59;0,00113339812057819;"Acridotheres_tristis"
170;23,59;0,000741790716197398;"Acridotheres_tristis"
180;23,59;0,000485490011537998;"Acridotheres_tristis"
190;23,59;0,0003177453507526;"Acridotheres_tristis"
200;23,59;0,000207959186647429;"Acridotheres_tristis"
210;23,59;0,000136105920066579;"Acridotheres_tristis"
220;23,59;8,90791206477284e-05;"Acridotheres_tristis"
230;23,59;5,83008419581674e-05;"Acridotheres_tristis"
240;23,59;3,81569569649529e-05;"Acridotheres_tristis"
250;23,59;2,49731104375809e-05;"Acridotheres_tristis"
260;23,59;1,63444963784832e-05;"Acridotheres_tristis"
270;23,59;1,06972082045591e-05;"Acridotheres_tristis"
280;23,59;7,00114954427892e-06;"Acridotheres_tristis"
290;23,59;4,58213900337722e-06;"Acridotheres_tristis"
300;23,59;2,99893577668654e-06;"Acridotheres_tristis"
0;48,5;1;"Anas_chlorotis"
10;48,5;0,813682069723415;"Anas_chlorotis"
20;48,5;0,662078510589381;"Anas_chlorotis"
30;48,5;0,538721412815764;"Anas_chlorotis"
40;48,5;0,438347954184253;"Anas_chlorotis"
50;48,5;0,356675870619668;"Anas_chlorotis"
60;48,5;0,290220760626212;"Anas_chlorotis"
70;48,5;0,23614742918304;"Anas_chlorotis"
80;48,5;0,19214892893752;"Anas_chlorotis"
90;48,5;0,156348138193019;"Anas_chlorotis"
100;48,5;0,127217676682298;"Anas_chlorotis"
110;48,5;0,103514742468257;"Anas_chlorotis"
120;48,5;0,0842280898984573;"Anas_chlorotis"
130;48,5;0,0685348865174266;"Anas_chlorotis"
140;48,5;0,0557656083097591;"Anas_chlorotis"
150;48,5;0,04537547558887;"Anas_chlorotis"
160;48,5;0,0369212108918361;"Anas_chlorotis"
170;48,5;0,0300421272951639;"Anas_chlorotis"
180;48,5;0,0244447403164233;"Anas_chlorotis"
190;48,5;0,0198902468945187;"Anas_chlorotis"
200;48,5;0,0161843372604417;"Anas_chlorotis"
210;48,5;0,013168905039178;"Anas_chlorotis"
220;48,5;0,0107153019082695;"Anas_chlorotis"
230;48,5;0,00871884903443196;"Anas_chlorotis"
240;48,5;0,0070943711279426;"Anas_chlorotis"
250;48,5;0,00577256258277037;"Anas_chlorotis"
260;48,5;0,00469703066995654;"Anas_chlorotis"
270;48,5;0,0038218896370846;"Anas_chlorotis"
280;48,5;0,00310980307015747;"Anas_chlorotis"
290;48,5;0,00253039099855796;"Anas_chlorotis"
300;48,5;0,00205893378491614;"Anas_chlorotis"
0;19,125;1;"Anthornis_melanura"
10;19,125;0,592813271758992;"Anthornis_melanura"
20;19,125;0,351427575173601;"Anthornis_melanura"
30;19,125;0,208330930624991;"Anthornis_melanura"
40;19,125;0,123501340592397;"Anthornis_melanura"
50;19,125;0,0732132337832003;"Anthornis_melanura"
60;19,125;0,043401776655075;"Anthornis_melanura"
70;19,125;0,025729149219048;"Anthornis_melanura"
80;19,125;0,0152525811281192;"Anthornis_melanura"
90;19,125;0,00904193252132979;"Anthornis_melanura"
100;19,125;0,00536017760099355;"Anthornis_melanura"
110;19,125;0,00317758442085425;"Anthornis_melanura"
120;19,125;0,00188371421681701;"Anthornis_melanura"
130;19,125;0,00111669078793022;"Anthornis_melanura"
140;19,125;0,00066198911953604;"Anthornis_melanura"
150;19,125;0,000392435935821014;"Anthornis_melanura"
160;19,125;0,000232641231069857;"Anthornis_melanura"
170;19,125;0,000137912809336562;"Anthornis_melanura"
180;19,125;8,17565437202814e-05;"Anthornis_melanura"
190;19,125;4,84663641705271e-05;"Anthornis_melanura"
200;19,125;2,8731503914193e-05;"Anthornis_melanura"
210;19,125;1,7032416837929e-05;"Anthornis_melanura"
220;19,125;1,00970427516556e-05;"Anthornis_melanura"
230;19,125;5,9856609486994e-06;"Anthornis_melanura"
240;19,125;3,54837925063853e-06;"Anthornis_melanura"
250;19,125;2,10352631301275e-06;"Anthornis_melanura"
260;19,125;1,24699831584822e-06;"Anthornis_melanura"
270;19,125;7,39237151495934e-07;"Anthornis_melanura"
280;19,125;4,38229594384101e-07;"Anthornis_melanura"
290;19,125;2,59788319628455e-07;"Anthornis_melanura"
300;19,125;1,54005963723715e-07;"Anthornis_melanura"
0;22,6375;1;"Anthus_novaeseelandiae"
10;22,6375;0,642913626737671;"Anthus_novaeseelandiae"
20;22,6375;0,413337931444986;"Anthus_novaeseelandiae"
30;22,6375;0,265740588573543;"Anthus_novaeseelandiae"
40;22,6375;0,17084824557122;"Anthus_novaeseelandiae"
50;22,6375;0,109840665181961;"Anthus_novaeseelandiae"
60;22,6375;0,070618060415413;"Anthus_novaeseelandiae"
70;22,6375;0,0454013133348532;"Anthus_novaeseelandiae"
80;22,6375;0,0291891230147639;"Anthus_novaeseelandiae"
90;22,6375;0,0187660849387139;"Anthus_novaeseelandiae"
100;22,6375;0,0120649717276157;"Anthus_novaeseelandiae"
110;22,6375;0,00775673472988889;"Anthus_novaeseelandiae"
120;22,6375;0,00498691045683492;"Anthus_novaeseelandiae"
130;22,6375;0,00320615268801976;"Anthus_novaeseelandiae"
140;22,6375;0,00206127925252952;"Anthus_novaeseelandiae"
150;22,6375;0,00132522451996287;"Anthus_novaeseelandiae"
160;22,6375;0,000852004902371017;"Anthus_novaeseelandiae"
170;22,6375;0,000547765561781626;"Anthus_novaeseelandiae"
180;22,6375;0,000352165943927023;"Anthus_novaeseelandiae"
190;22,6375;0,000226412284223618;"Anthus_novaeseelandiae"
200;22,6375;0,000145563542788167;"Anthus_novaeseelandiae"
210;22,6375;9,35847852147245e-05;"Anthus_novaeseelandiae"
220;22,6375;6,01669336698645e-05;"Anthus_novaeseelandiae"
230;22,6375;3,86821415353775e-05;"Anthus_novaeseelandiae"
240;22,6375;2,48692759044895e-05;"Anthus_novaeseelandiae"
250;22,6375;1,59887963660951e-05;"Anthus_novaeseelandiae"
260;22,6375;1,02794150588963e-05;"Anthus_novaeseelandiae"
270;22,6375;6,60877601625685e-06;"Anthus_novaeseelandiae"
280;22,6375;4,24887215690864e-06;"Anthus_novaeseelandiae"
290;22,6375;2,73165780794285e-06;"Anthus_novaeseelandiae"
300;22,6375;1,75622002831081e-06;"Anthus_novaeseelandiae"
0;49,3625;1;"Branta_canadensis"
10;49,3625;0,816618755646323;"Branta_canadensis"
20;49,3625;0,666866192073349;"Branta_canadensis"
30;49,3625;0,544575439953541;"Branta_canadensis"
40;49,3625;0,444710518130409;"Branta_canadensis"
50;49,3625;0,363158949938486;"Branta_canadensis"
60;49,3625;0,296562409800592;"Branta_canadensis"
70;49,3625;0,242178426062835;"Branta_canadensis"
80;49,3625;0,197767444935817;"Branta_canadensis"
90;49,3625;0,16150060479084;"Branta_canadensis"
100;49,3625;0,131884422920424;"Branta_canadensis"
110;49,3625;0,10769929333441;"Branta_canadensis"
120;49,3625;0,0879492629067344;"Branta_canadensis"
130;49,3625;0,0718210176349088;"Branta_canadensis"
140;49,3625;0,0586503900502719;"Branta_canadensis"
150;49,3625;0,0478950085410245;"Branta_canadensis"
160;49,3625;0,0391119622764414;"Branta_canadensis"
170;49,3625;0,0319395619650735;"Branta_canadensis"
180;49,3625;0,026082445347807;"Branta_canadensis"
190;49,3625;0,0212994140641394;"Branta_canadensis"
200;49,3625;0,0173935010090533;"Branta_canadensis"
210;49,3625;0,0142038591503462;"Branta_canadensis"
220;49,3625;0,0115991377847313;"Branta_canadensis"
230;49,3625;0,00947207346433755;"Branta_canadensis"
240;49,3625;0,00773507284583789;"Branta_canadensis"
250;49,3625;0,0063166055622018;"Branta_canadensis"
260;49,3625;0,00515825857411388;"Branta_canadensis"
270;49,3625;0,00421233069809485;"Branta_canadensis"
280;49,3625;0,00343986825304903;"Branta_canadensis"
290;49,3625;0,00280906093239219;"Branta_canadensis"
300;49,3625;0,00229393184314481;"Branta_canadensis"
0;25,875;1;"Cacatua_galerita"
10;25,875;0,679448778121663;"Cacatua_galerita"
20;25,875;0,46165064209102;"Cacatua_galerita"
30;25,875;0,313667964687825;"Cacatua_galerita"
40;25,875;0,213121315343051;"Cacatua_galerita"
50;25,875;0,144805017301518;"Cacatua_galerita"
60;25,875;0,0983875920714024;"Cacatua_galerita"
70;25,875;0,0668493292152469;"Cacatua_galerita"
80;25,875;0,0454206950535523;"Cacatua_galerita"
90;25,875;0,0308610357555728;"Cacatua_galerita"
100;25,875;0,0209684930356928;"Cacatua_galerita"
110;25,875;0,0142470169721541;"Cacatua_galerita"
120;25,875;0,00968011827360869;"Cacatua_galerita"
130;25,875;0,0065771445330766;"Cacatua_galerita"
140;25,875;0,00446883281652847;"Cacatua_galerita"
150;25,875;0,00303634299682026;"Cacatua_galerita"
160;25,875;0,00206303953914779;"Cacatua_galerita"
170;25,875;0,00140172969409064;"Cacatua_galerita"
180;25,875;0,00095240352790674;"Cacatua_galerita"
190;25,875;0,000647109413314995;"Cacatua_galerita"
200;25,875;0,000439677700187899;"Cacatua_galerita"
210;25,875;0,000298738476160011;"Cacatua_galerita"
220;25,875;0,000202977492604847;"Cacatua_galerita"
230;25,875;0,000137912809336562;"Cacatua_galerita"
240;25,875;9,37046897910528e-05;"Cacatua_galerita"
250;25,875;6,36675369828003e-05;"Cacatua_galerita"
260;25,875;4,32588302089794e-05;"Cacatua_galerita"
270;25,875;2,93921593284635e-05;"Cacatua_galerita"
280;25,875;1,99704667420818e-05;"Cacatua_galerita"
290;25,875;1,35689092264268e-05;"Cacatua_galerita"
300;25,875;9,21937879433941e-06;"Cacatua_galerita"
0;NA;NA;"Callaeas_cinereus"
10;NA;NA;"Callaeas_cinereus"
20;NA;NA;"Callaeas_cinereus"
30;NA;NA;"Callaeas_cinereus"
40;NA;NA;"Callaeas_cinereus"
50;NA;NA;"Callaeas_cinereus"
60;NA;NA;"Callaeas_cinereus"
70;NA;NA;"Callaeas_cinereus"
80;NA;NA;"Callaeas_cinereus"
90;NA;NA;"Callaeas_cinereus"
100;NA;NA;"Callaeas_cinereus"
110;NA;NA;"Callaeas_cinereus"
120;NA;NA;"Callaeas_cinereus"
130;NA;NA;"Callaeas_cinereus"
140;NA;NA;"Callaeas_cinereus"
150;NA;NA;"Callaeas_cinereus"
160;NA;NA;"Callaeas_cinereus"
170;NA;NA;"Callaeas_cinereus"
180;NA;NA;"Callaeas_cinereus"
190;NA;NA;"Callaeas_cinereus"
200;NA;NA;"Callaeas_cinereus"
210;NA;NA;"Callaeas_cinereus"
220;NA;NA;"Callaeas_cinereus"
230;NA;NA;"Callaeas_cinereus"
240;NA;NA;"Callaeas_cinereus"
250;NA;NA;"Callaeas_cinereus"
260;NA;NA;"Callaeas_cinereus"
270;NA;NA;"Callaeas_cinereus"
280;NA;NA;"Callaeas_cinereus"
290;NA;NA;"Callaeas_cinereus"
300;NA;NA;"Callaeas_cinereus"
0;33,351724137931;1;"Carduelis_carduelis"
10;33,351724137931;0,740940781392941;"Carduelis_carduelis"
20;33,351724137931;0,548993241531183;"Carduelis_carduelis"
30;33,351724137931;0,406771481359558;"Carduelis_carduelis"
40;33,351724137931;0,301393579246915;"Carduelis_carduelis"
50;33,351724137931;0,223314794114025;"Carduelis_carduelis"
60;33,351724137931;0,165463038047449;"Carduelis_carduelis"
70;33,351724137931;0,122598312702527;"Carduelis_carduelis"
80;33,351724137931;0,0908380896112667;"Carduelis_carduelis"
90;33,351724137931;0,067305645096814;"Carduelis_carduelis"
100;33,351724137931;0,0498694972701893;"Carduelis_carduelis"
110;33,351724137931;0,0369503442750472;"Carduelis_carduelis"
120;33,351724137931;0,0273780169598917;"Carduelis_carduelis"
130;33,351724137931;0,0202854892792514;"Carduelis_carduelis"
140;33,351724137931;0,0150303462775066;"Carduelis_carduelis"
150;33,351724137931;0,0111365965154623;"Carduelis_carduelis"
160;33,351724137931;0,00825155852422452;"Carduelis_carduelis"
170;33,351724137931;0,0061139162206485;"Carduelis_carduelis"
180;33,351724137931;0,00453004986189828;"Carduelis_carduelis"
190;33,351724137931;0,0033564986844239;"Carduelis_carduelis"
200;33,351724137931;0,00248696675798142;"Carduelis_carduelis"
210;33,351724137931;0,00184269509295703;"Carduelis_carduelis"
220;33,351724137931;0,00136532794204452;"Carduelis_carduelis"
230;33,351724137931;0,00101162715223608;"Carduelis_carduelis"
240;33,351724137931;0,000749555812656118;"Carduelis_carduelis"
250;33,351724137931;0,000555376469527046;"Carduelis_carduelis"
260;33,351724137931;0,000411501075298622;"Carduelis_carduelis"
270;33,351724137931;0,000304897928275797;"Carduelis_carduelis"
280;33,351724137931;0,000225911309221758;"Carduelis_carduelis"
290;33,351724137931;0,000167386901980272;"Carduelis_carduelis"
300;33,351724137931;0,000124023781948206;"Carduelis_carduelis"
0;32,7068965517241;1;"Chloris_chloris"
10;32,7068965517241;0,736573748315733;"Chloris_chloris"
20;32,7068965517241;0,542540886707888;"Chloris_chloris"
30;32,7068965517241;0,39962137453697;"Chloris_chloris"
40;32,7068965517241;0,294350613749781;"Chloris_chloris"
50;32,7068965517241;0,216810934888713;"Chloris_chloris"
60;32,7068965517241;0,159697242986818;"Chloris_chloris"
70;32,7068965517241;0,117628796862489;"Chloris_chloris"
80;32,7068965517241;0,0866422838148731;"Chloris_chloris"
90;32,7068965517241;0,0638184317521566;"Chloris_chloris"
100;32,7068965517241;0,0470069814873177;"Chloris_chloris"
110;32,7068965517241;0,0346241085511219;"Chloris_chloris"
120;32,7068965517241;0,0255032094175906;"Chloris_chloris"
130;32,7068965517241;0,0187849945547958;"Chloris_chloris"
140;32,7068965517241;0,0138365338513166;"Chloris_chloris"
150;32,7068965517241;0,0101916276025618;"Chloris_chloris"
160;32,7068965517241;0,00750688534465701;"Chloris_chloris"
170;32,7068965517241;0,00552937467649045;"Chloris_chloris"
180;32,7068965517241;0,00407279223130467;"Chloris_chloris"
190;32,7068965517241;0,00299991183992327;"Chloris_chloris"
200;32,7068965517241;0,00220965630854903;"Chloris_chloris"
210;32,7068965517241;0,00162757482967747;"Chloris_chloris"
220;32,7068965517241;0,00119882889295987;"Chloris_chloris"
230;32,7068965517241;0,000883025891276651;"Chloris_chloris"
240;32,7068965517241;0,000650413690597484;"Chloris_chloris"
250;32,7068965517241;0,000479077650039258;"Chloris_chloris"
260;32,7068965517241;0,000352876020423709;"Chloris_chloris"
270;32,7068965517241;0,00025991921305423;"Chloris_chloris"
280;32,7068965517241;0,00019144966901863;"Chloris_chloris"
290;32,7068965517241;0,000141016800322859;"Chloris_chloris"
300;32,7068965517241;0,000103869273189299;"Chloris_chloris"
0;53,01;1;"Chroicocephalus_novaehollandiae"
10;53,01;0,828081539207996;"Chroicocephalus_novaehollandiae"
20;53,01;0,685719035577084;"Chroicocephalus_novaehollandiae"
30;53,01;0,567831274444895;"Chroicocephalus_novaehollandiae"
40;53,01;0,470210595752767;"Chroicocephalus_novaehollandiae"
50;53,01;0,38937271388286;"Chroicocephalus_novaehollandiae"
60;53,01;0,322432356237713;"Chroicocephalus_novaehollandiae"
70;53,01;0,267000281843787;"Chroicocephalus_novaehollandiae"
80;53,01;0,221098004358172;"Chroicocephalus_novaehollandiae"
90;53,01;0,183087175764731;"Chroicocephalus_novaehollandiae"
100;53,01;0,151611110316503;"Chroicocephalus_novaehollandiae"
110;53,01;0,125546361591924;"Chroicocephalus_novaehollandiae"
120;53,01;0,103962624349004;"Chroicocephalus_novaehollandiae"
130;53,01;0,0860895299910257;"Chroicocephalus_novaehollandiae"
140;53,01;0,0712891505046615;"Chroicocephalus_novaehollandiae"
150;53,01;0,0590332294787306;"Chroicocephalus_novaehollandiae"
160;53,01;0,0488843275311661;"Chroicocephalus_novaehollandiae"
170;53,01;0,0404802091851558;"Chroicocephalus_novaehollandiae"
180;53,01;0,0335209139295055;"Chroicocephalus_novaehollandiae"
190;53,01;0,0277580500024037;"Chroicocephalus_novaehollandiae"
200;53,01;0,022985928771403;"Chroicocephalus_novaehollandiae"
210;53,01;0,0190342232771487;"Chroicocephalus_novaehollandiae"
220;53,01;0,01576188890897;"Chroicocephalus_novaehollandiae"
230;53,01;0,0130521292285653;"Chroicocephalus_novaehollandiae"
240;53,01;0,0108082272615321;"Chroicocephalus_novaehollandiae"
250;53,01;0,00895009346683929;"Chroicocephalus_novaehollandiae"
260;53,01;0,00741140717407571;"Chroicocephalus_novaehollandiae"
270;53,01;0,0061372494604058;"Chroicocephalus_novaehollandiae"
280;53,01;0,00508214297967628;"Chroicocephalus_novaehollandiae"
290;53,01;0,00420842878108544;"Chroicocephalus_novaehollandiae"
300;53,01;0,00348492218268847;"Chroicocephalus_novaehollandiae"
0;36,1;1;"Cyanoramphus_auriceps"
10;36,1;0,758048197514824;"Cyanoramphus_auriceps"
20;36,1;0,574637069755474;"Cyanoramphus_auriceps"
30;36,1;0,435602594953338;"Cyanoramphus_auriceps"
40;36,1;0,330207761937158;"Cyanoramphus_auriceps"
50;36,1;0,250313398741867;"Cyanoramphus_auriceps"
60;36,1;0,189749620730081;"Cyanoramphus_auriceps"
70;36,1;0,14383935797356;"Cyanoramphus_auriceps"
80;36,1;0,109037166043547;"Cyanoramphus_auriceps"
90;36,1;0,0826554271814351;"Cyanoramphus_auriceps"
100;36,1;0,0626567975897047;"Cyanoramphus_auriceps"
110;36,1;0,0474968724749268;"Cyanoramphus_auriceps"
120;36,1;0,0360049185672098;"Cyanoramphus_auriceps"
130;36,1;0,0272934636215414;"Cyanoramphus_auriceps"
140;36,1;0,0206897609022459;"Cyanoramphus_auriceps"
150;36,1;0,0156838359589602;"Cyanoramphus_auriceps"
160;36,1;0,0118891035788079;"Cyanoramphus_auriceps"
170;36,1;0,00901251353798242;"Cyanoramphus_auriceps"
180;36,1;0,00683191964254552;"Cyanoramphus_auriceps"
190;36,1;0,00517892437059776;"Cyanoramphus_auriceps"
200;36,1;0,00392587428419722;"Cyanoramphus_auriceps"
210;36,1;0,00297600192480551;"Cyanoramphus_auriceps"
220;36,1;0,00225595289489946;"Cyanoramphus_auriceps"
230;36,1;0,00171012102565689;"Cyanoramphus_auriceps"
240;36,1;0,00129635416103141;"Cyanoramphus_auriceps"
250;36,1;0,0009826989351107;"Cyanoramphus_auriceps"
260;36,1;0,000744933156460403;"Cyanoramphus_auriceps"
270;36,1;0,000564695236523837;"Cyanoramphus_auriceps"
280;36,1;0,000428066206192102;"Cyanoramphus_auriceps"
290;36,1;0,000324494816020932;"Cyanoramphus_auriceps"
300;36,1;0,000245982710387572;"Cyanoramphus_auriceps"
0;35,275;1;"Cyanoramphus_malherbi"
10;35,275;0,753152996866571;"Cyanoramphus_malherbi"
20;35,275;0,567239436689097;"Cyanoramphus_malherbi"
30;35,275;0,427218081683299;"Cyanoramphus_malherbi"
40;35,275;0,321760578535364;"Cyanoramphus_malherbi"
50;35,275;0,242334943997431;"Cyanoramphus_malherbi"
60;35,275;0,182515289317158;"Cyanoramphus_malherbi"
70;35,275;0,137461937123187;"Cyanoramphus_malherbi"
80;35,275;0,103529869899412;"Cyanoramphus_malherbi"
90;35,275;0,0779738317799485;"Cyanoramphus_malherbi"
100;35,275;0,0587262250822381;"Cyanoramphus_malherbi"
110;35,275;0,0442298324153484;"Cyanoramphus_malherbi"
120;35,275;0,0333118308345259;"Cyanoramphus_malherbi"
130;35,275;0,0250889052241354;"Cyanoramphus_malherbi"
140;35,275;0,0188957841576589;"Cyanoramphus_malherbi"
150;35,275;0,0142314164664847;"Cyanoramphus_malherbi"
160;35,275;0,0107184339613892;"Cyanoramphus_malherbi"
170;35,275;0,00807262065973672;"Cyanoramphus_malherbi"
180;35,275;0,00607991844244771;"Cyanoramphus_malherbi"
190;35,275;0,00457910879563382;"Cyanoramphus_malherbi"
200;35,275;0,00344876951240969;"Cyanoramphus_malherbi"
210;35,275;0,00259745109377342;"Cyanoramphus_malherbi"
220;35,275;0,0019562780754898;"Cyanoramphus_malherbi"
230;35,275;0,00147337669525951;"Cyanoramphus_malherbi"
240;35,275;0,00110967807354807;"Cyanoramphus_malherbi"
250;35,275;0,00083575736664985;"Cyanoramphus_malherbi"
260;35,275;0,000629453165345648;"Cyanoramphus_malherbi"
270;35,275;0,000474074537867224;"Cyanoramphus_malherbi"
280;35,275;0,000357050658932835;"Cyanoramphus_malherbi"
290;35,275;0,000268913773808448;"Cyanoramphus_malherbi"
300;35,275;0,000202533214642532;"Cyanoramphus_malherbi"
0;38,06875;1;"Cyanoramphus_novaezelandiae"
10;38,06875;0,768985898936936;"Cyanoramphus_novaezelandiae"
20;38,06875;0,591339312763848;"Cyanoramphus_novaezelandiae"
30;38,06875;0,454731593002457;"Cyanoramphus_novaezelandiae"
40;38,06875;0,34968218282002;"Cyanoramphus_novaezelandiae"
50;38,06875;0,268900667698083;"Cyanoramphus_novaezelandiae"
60;38,06875;0,206780821674553;"Cyanoramphus_novaezelandiae"
70;38,06875;0,159011536038324;"Cyanoramphus_novaezelandiae"
80;38,06875;0,122277628981774;"Cyanoramphus_novaezelandiae"
90;38,06875;0,0940297724424264;"Cyanoramphus_novaezelandiae"
100;38,06875;0,0723075690884748;"Cyanoramphus_novaezelandiae"
110;38,06875;0,0556035010154454;"Cyanoramphus_novaezelandiae"
120;38,06875;0,0427583082124031;"Cyanoramphus_novaezelandiae"
130;38,06875;0,0328805360777374;"Cyanoramphus_novaezelandiae"
140;38,06875;0,0252846685932673;"Cyanoramphus_novaezelandiae"
150;38,06875;0,0194435536075161;"Cyanoramphus_novaezelandiae"
160;38,06875;0,0149518185494043;"Cyanoramphus_novaezelandiae"
170;38,06875;0,0114977376279556;"Cyanoramphus_novaezelandiae"
180;38,06875;0,00884159810557449;"Cyanoramphus_novaezelandiae"
190;38,06875;0,00679906426725431;"Cyanoramphus_novaezelandiae"
200;38,06875;0,00522838454748456;"Cyanoramphus_novaezelandiae"
210;38,06875;0,0040205539912354;"Cyanoramphus_novaezelandiae"
220;38,06875;0,00309174932517464;"Cyanoramphus_novaezelandiae"
230;38,06875;0,00237751163410708;"Cyanoramphus_novaezelandiae"
240;38,06875;0,00182827292118686;"Cyanoramphus_novaezelandiae"
250;38,06875;0,00140591609580094;"Cyanoramphus_novaezelandiae"
260;38,06875;0,00108112965275939;"Cyanoramphus_novaezelandiae"
270;38,06875;0,000831373457894557;"Cyanoramphus_novaezelandiae"
280;38,06875;0,000639314465871355;"Cyanoramphus_novaezelandiae"
290;38,06875;0,000491623809241471;"Cyanoramphus_novaezelandiae"
300;38,06875;0,000378051776888354;"Cyanoramphus_novaezelandiae"
0;20,16;1;"Finschia_novaeseelandiae"
10;20,16;0,608942309264163;"Finschia_novaeseelandiae"
20;20,16;0,370810736011972;"Finschia_novaeseelandiae"
30;20,16;0,225802345887074;"Finschia_novaeseelandiae"
40;20,16;0,13750060194174;"Finschia_novaeseelandiae"
50;20,16;0,0837299340716156;"Finschia_novaeseelandiae"
60;20,16;0,0509866994081058;"Finschia_novaeseelandiae"
70;20,16;0,0310479584793297;"Finschia_novaeseelandiae"
80;20,16;0,0189064155343408;"Finschia_novaeseelandiae"
90;20,16;0,0115129163353894;"Finschia_novaeseelandiae"
100;20,16;0,0070107018596371;"Finschia_novaeseelandiae"
110;20,16;0,00426911297996998;"Finschia_novaeseelandiae"
120;20,16;0,00259964351653253;"Finschia_novaeseelandiae"
130;20,16;0,00158303292622093;"Finschia_novaeseelandiae"
140;20,16;0,000963975725734178;"Finschia_novaeseelandiae"
150;20,16;0,000587005604503168;"Finschia_novaeseelandiae"
160;20,16;0,000357452548357165;"Finschia_novaeseelandiae"
170;20,16;0,000217667980248972;"Finschia_novaeseelandiae"
180;20,16;0,000132547242545675;"Finschia_novaeseelandiae"
190;20,16;8,07136239623606e-05;"Finschia_novaeseelandiae"
200;20,16;4,91499405647191e-05;"Finschia_novaeseelandiae"
210;20,16;2,99294783076764e-05;"Finschia_novaeseelandiae"
220;20,16;1,82253256357482e-05;"Finschia_novaeseelandiae"
230;20,16;1,10981718797238e-05;"Finschia_novaeseelandiae"
240;20,16;6,75814641304963e-06;"Finschia_novaeseelandiae"
250;20,16;4,11532128310776e-06;"Finschia_novaeseelandiae"
260;20,16;2,5059932454996e-06;"Finschia_novaeseelandiae"
270;20,16;1,52600531391492e-06;"Finschia_novaeseelandiae"
280;20,16;9,29249199804735e-07;"Finschia_novaeseelandiae"
290;20,16;5,6585915361097e-07;"Finschia_novaeseelandiae"
300;20,16;3,44575579718129e-07;"Finschia_novaeseelandiae"
0;27,6238095238095;1;"Fringilla_coelebs"
10;27,6238095238095;0,696277806793104;"Fringilla_coelebs"
20;27,6238095238095;0,484802784232615;"Fringilla_coelebs"
30;27,6238095238095;0,337557419332675;"Fringilla_coelebs"
40;27,6238095238095;0,235033739599695;"Fringilla_coelebs"
50;27,6238095238095;0,163648776730857;"Fringilla_coelebs"
60;27,6238095238095;0,113945011346535;"Fringilla_coelebs"
70;27,6238095238095;0,079337382595381;"Fringilla_coelebs"
80;27,6238095238095;0,0552408587502172;"Fringilla_coelebs"
90;27,6238095238095;0,0384629839759689;"Fringilla_coelebs"
100;27,6238095238095;0,0267809221255059;"Fringilla_coelebs"
110;27,6238095238095;0,0186469617214442;"Fringilla_coelebs"
120;27,6238095238095;0,0129834656107621;"Fringilla_coelebs"
130;27,6238095238095;0,00904009896003512;"Fringilla_coelebs"
140;27,6238095238095;0,00629442027708587;"Fringilla_coelebs"
150;27,6238095238095;0,00438266514556339;"Fringilla_coelebs"
160;27,6238095238095;0,00305155247546145;"Fringilla_coelebs"
170;27,6238095238095;0,00212472826492837;"Fringilla_coelebs"
180;27,6238095238095;0,00147940113633564;"Fringilla_coelebs"
190;27,6238095238095;0,001030074178575;"Fringilla_coelebs"
200;27,6238095238095;0,000717217789892412;"Fringilla_coelebs"
210;27,6238095238095;0,000499382829739285;"Fringilla_coelebs"
220;27,6238095238095;0,000347709181441003;"Fringilla_coelebs"
230;27,6238095238095;0,000242102186255567;"Fringilla_coelebs"
240;27,6238095238095;0,000168570379265842;"Fringilla_coelebs"
250;27,6238095238095;0,000117371813965502;"Fringilla_coelebs"
260;27,6238095238095;8,1723389207228e-05;"Fringilla_coelebs"
270;27,6238095238095;5,69021822009078e-05;"Fringilla_coelebs"
280;27,6238095238095;3,96197266245897e-05;"Fringilla_coelebs"
290;27,6238095238095;2,75863363599116e-05;"Fringilla_coelebs"
300;27,6238095238095;1,92077537781361e-05;"Fringilla_coelebs"
0;5,55;1;"Gallirallus_australis"
10;5,55;0,165001320546444;"Gallirallus_australis"
20;5,55;0,0272254357820703;"Gallirallus_australis"
30;5,55;0,004492232856494;"Gallirallus_australis"
40;5,55;0,000741224353523634;"Gallirallus_australis"
50;5,55;0,000122302997152584;"Gallirallus_australis"
60;5,55;2,01801560369643e-05;"Gallirallus_australis"
70;5,55;3,3297523949324e-06;"Gallirallus_australis"
80;5,55;5,49413542256529e-07;"Gallirallus_australis"
90;5,55;9,06539599984268e-08;"Gallirallus_australis"
100;5,55;1,49580231125049e-08;"Gallirallus_australis"
110;5,55;2,46809356632753e-09;"Gallirallus_australis"
120;5,55;4,07238697676226e-10;"Gallirallus_australis"
130;5,55;6,71949228941913e-11;"Gallirallus_australis"
140;5,55;1,1087251011558e-11;"Gallirallus_australis"
150;5,55;1,82941105813697e-12;"Gallirallus_australis"
160;5,55;3,01855240414867e-13;"Gallirallus_australis"
170;5,55;4,98065132823174e-14;"Gallirallus_australis"
180;5,55;8,21814046339637e-15;"Gallirallus_australis"
190;5,55;1,35600402889657e-15;"Gallirallus_australis"
200;5,55;2,23742455434232e-16;"Gallirallus_australis"
210;5,55;3,69178006089521e-17;"Gallirallus_australis"
220;5,55;6,09148585214737e-18;"Gallirallus_australis"
230;5,55;1,0051032096943e-18;"Gallirallus_australis"
240;5,55;1,65843356885028e-19;"Gallirallus_australis"
250;5,55;2,73643728898849e-20;"Gallirallus_australis"
260;5,55;4,51515766275631e-21;"Gallirallus_australis"
270;5,55;7,45006976830187e-22;"Gallirallus_australis"
280;5,55;1,22927134993295e-22;"Gallirallus_australis"
290;5,55;2,02831396048846e-23;"Gallirallus_australis"
300;5,55;3,34674481963382e-24;"Gallirallus_australis"
0;17,7333333333333;1;"Gerygone_igata"
10;17,7333333333333;0,568980125415925;"Gerygone_igata"
20;17,7333333333333;0,323738383118322;"Gerygone_igata"
30;17,7333333333333;0,184200705828612;"Gerygone_igata"
40;17,7333333333333;0,104806540704065;"Gerygone_igata"
50;17,7333333333333;0,0596328386742084;"Gerygone_igata"
60;17,7333333333333;0,0339299000277587;"Gerygone_igata"
70;17,7333333333333;0,019305438773144;"Gerygone_igata"
80;17,7333333333333;0,0109844109743529;"Gerygone_igata"
90;17,7333333333333;0,00624991153380739;"Gerygone_igata"
100;17,7333333333333;0,00355607544834417;"Gerygone_igata"
110;17,7333333333333;0,00202333625458736;"Gerygone_igata"
120;17,7333333333333;0,0011512381158937;"Gerygone_igata"
130;17,7333333333333;0,000655031607564792;"Gerygone_igata"
140;17,7333333333333;0,000372699966223611;"Gerygone_igata"
150;17,7333333333333;0,000212058873524421;"Gerygone_igata"
160;17,7333333333333;0,000120657284453485;"Gerygone_igata"
170;17,7333333333333;6,86515968406887e-05;"Gerygone_igata"
180;17,7333333333333;3,90613941804186e-05;"Gerygone_igata"
190;17,7333333333333;2,22251569596955e-05;"Gerygone_igata"
200;17,7333333333333;1,26456725943162e-05;"Gerygone_igata"
210;17,7333333333333;7,19513637868274e-06;"Gerygone_igata"
220;17,7333333333333;4,09388959912759e-06;"Gerygone_igata"
230;17,7333333333333;2,32934181755057e-06;"Gerygone_igata"
240;17,7333333333333;1,32534919948648e-06;"Gerygone_igata"
250;17,7333333333333;7,54097353743714e-07;"Gerygone_igata"
260;17,7333333333333;4,29066406908916e-07;"Gerygone_igata"
270;17,7333333333333;2,44130258014795e-07;"Gerygone_igata"
280;17,7333333333333;1,3890526482308e-07;"Gerygone_igata"
290;17,7333333333333;7,90343349999687e-08;"Gerygone_igata"
300;17,7333333333333;4,49689658404464e-08;"Gerygone_igata"
0;31,7375;1;"Hemiphaga_novaeseelandiae"
10;31,7375;0,729727079087926;"Hemiphaga_novaeseelandiae"
20;31,7375;0,532501609954196;"Hemiphaga_novaeseelandiae"
30;31,7375;0,388580844441493;"Hemiphaga_novaeseelandiae"
40;31,7375;0,28355796460381;"Hemiphaga_novaeseelandiae"
50;31,7375;0,206919925262456;"Hemiphaga_novaeseelandiae"
60;31,7375;0,150995072666864;"Hemiphaga_novaeseelandiae"
70;31,7375;0,11018519333386;"Hemiphaga_novaeseelandiae"
80;31,7375;0,0804051192902557;"Hemiphaga_novaeseelandiae"
90;31,7375;0,0586737928433945;"Hemiphaga_novaeseelandiae"
100;31,7375;0,0428158554706203;"Hemiphaga_novaeseelandiae"
110;31,7375;0,0312438891512265;"Hemiphaga_novaeseelandiae"
120;31,7375;0,0227995119696715;"Hemiphaga_novaeseelandiae"
130;31,7375;0,0166374212742586;"Hemiphaga_novaeseelandiae"
140;31,7375;0,01214077683002;"Hemiphaga_novaeseelandiae"
150;31,7375;0,00885945361402886;"Hemiphaga_novaeseelandiae"
160;31,7375;0,00646498320808025;"Hemiphaga_novaeseelandiae"
170;31,7375;0,00471767331278489;"Hemiphaga_novaeseelandiae"
180;31,7375;0,00344261396662957;"Hemiphaga_novaeseelandiae"
190;31,7375;0,0025121686342959;"Hemiphaga_novaeseelandiae"
200;31,7375;0,00183319747968105;"Hemiphaga_novaeseelandiae"
210;31,7375;0,001337733842239;"Hemiphaga_novaeseelandiae"
220;31,7375;0,000976180609294132;"Hemiphaga_novaeseelandiae"
230;31,7375;0,000712345424682478;"Hemiphaga_novaeseelandiae"
240;31,7375;0,000519817746055193;"Hemiphaga_novaeseelandiae"
250;31,7375;0,000379325085486925;"Hemiphaga_novaeseelandiae"
260;31,7375;0,000276803786657151;"Hemiphaga_novaeseelandiae"
270;31,7375;0,0002019912187178;"Hemiphaga_novaeseelandiae"
280;31,7375;0,000147398462036351;"Hemiphaga_novaeseelandiae"
290;31,7375;0,000107560649163839;"Hemiphaga_novaeseelandiae"
300;31,7375;7,84899183391291e-05;"Hemiphaga_novaeseelandiae"
0;43,825;1;"Hymenolaimus_malacorhynchos"
10;43,825;0,795980761493931;"Hymenolaimus_malacorhynchos"
20;43,825;0,633585372668459;"Hymenolaimus_malacorhynchos"
30;43,825;0,504321767408056;"Hymenolaimus_malacorhynchos"
40;43,825;0,40143042445943;"Hymenolaimus_malacorhynchos"
50;43,825;0,319530894948049;"Hymenolaimus_malacorhynchos"
60;43,825;0,254340445081585;"Hymenolaimus_malacorhynchos"
70;43,825;0,202450101154746;"Hymenolaimus_malacorhynchos"
80;43,825;0,161146385681678;"Hymenolaimus_malacorhynchos"
90;43,825;0,128269422786897;"Hymenolaimus_malacorhynchos"
100;43,825;0,102099992826301;"Hymenolaimus_malacorhynchos"
110;43,825;0,081269630038404;"Hymenolaimus_malacorhynchos"
120;43,825;0,0646890620042989;"Hymenolaimus_malacorhynchos"
130;43,825;0,05149124883451;"Hymenolaimus_malacorhynchos"
140;43,825;0,0409860434575667;"Hymenolaimus_malacorhynchos"
150;43,825;0,0326241020819773;"Hymenolaimus_malacorhynchos"
160;43,825;0,0259681576182681;"Hymenolaimus_malacorhynchos"
170;43,825;0,0206701538755835;"Hymenolaimus_malacorhynchos"
180;43,825;0,0164530448220837;"Hymenolaimus_malacorhynchos"
190;43,825;0,0130963071463759;"Hymenolaimus_malacorhynchos"
200;43,825;0,0104244085351307;"Hymenolaimus_malacorhynchos"
210;43,825;0,00829762864391719;"Hymenolaimus_malacorhynchos"
220;43,825;0,00660475276657906;"Hymenolaimus_malacorhynchos"
230;43,825;0,00525725613662075;"Hymenolaimus_malacorhynchos"
240;43,825;0,00418467474299603;"Hymenolaimus_malacorhynchos"
250;43,825;0,0033309205885344;"Hymenolaimus_malacorhynchos"
260;43,825;0,00265134870653742;"Hymenolaimus_malacorhynchos"
270;43,825;0,00211042256241561;"Hymenolaimus_malacorhynchos"
280;43,825;0,00167985575830555;"Hymenolaimus_malacorhynchos"
290;43,825;0,00133713286569602;"Hymenolaimus_malacorhynchos"
300;43,825;0,00106433203665528;"Hymenolaimus_malacorhynchos"
0;25,975;1;"Meleagris_gallopavo"
10;25,975;0,680460459913173;"Meleagris_gallopavo"
20;25,975;0,463026437505248;"Meleagris_gallopavo"
30;25,975;0,315071182616779;"Meleagris_gallopavo"
40;25,975;0,214393481828801;"Meleagris_gallopavo"
50;25,975;0,145886287247613;"Meleagris_gallopavo"
60;25,975;0,0992698501155357;"Meleagris_gallopavo"
70;25,975;0,0675492078651293;"Meleagris_gallopavo"
80;25,975;0,0459645650506764;"Meleagris_gallopavo"
90;25,975;0,0312770690740923;"Meleagris_gallopavo"
100;25,975;0,0212828088068929;"Meleagris_gallopavo"
110;25,975;0,0144821098689825;"Meleagris_gallopavo"
120;25,975;0,00985450314196093;"Meleagris_gallopavo"
130;25,975;0,00670559974019455;"Meleagris_gallopavo"
140;25,975;0,00456289548320644;"Meleagris_gallopavo"
150;25,975;0,0031048699590384;"Meleagris_gallopavo"
160;25,975;0,00211274124029786;"Meleagris_gallopavo"
170;25,975;0,00143763687605061;"Meleagris_gallopavo"
180;25,975;0,000978255049865538;"Meleagris_gallopavo"
190;25,975;0,000665663881143888;"Meleagris_gallopavo"
200;25,975;0,000452957950710759;"Meleagris_gallopavo"
210;25,975;0,000308219975461971;"Meleagris_gallopavo"
220;25,975;0,00020973150625728;"Meleagris_gallopavo"
230;25,975;0,000142713997206111;"Meleagris_gallopavo"
240;25,975;9,71112321749179e-05;"Meleagris_gallopavo"
250;25,975;6,60803537084796e-05;"Meleagris_gallopavo"
260;25,975;4,49650678756973e-05;"Meleagris_gallopavo"
270;25,975;3,0596950766724e-05;"Meleagris_gallopavo"
280;25,975;2,08200151906657e-05;"Meleagris_gallopavo"
290;25,975;1,41671971120397e-05;"Meleagris_gallopavo"
300;25,975;9,6402174625391e-06;"Meleagris_gallopavo"
0;19,925;1;"Mohoua_albicilla"
10;19,925;0,605390207539309;"Mohoua_albicilla"
20;19,925;0,366497303384488;"Mohoua_albicilla"
30;19,925;0,221873878558532;"Mohoua_albicilla"
40;19,925;0,134320273388101;"Mohoua_albicilla"
50;19,925;0,0813161781831594;"Mohoua_albicilla"
60;19,925;0,0492280179866063;"Mohoua_albicilla"
70;19,925;0,0298021600256605;"Mohoua_albicilla"
80;19,925;0,0180419358430543;"Mohoua_albicilla"
90;19,925;0,0109224112844375;"Mohoua_albicilla"
100;19,925;0,00661232083431533;"Mohoua_albicilla"
110;19,925;0,00400303428220266;"Mohoua_albicilla"
120;19,925;0,00242339775488964;"Mohoua_albicilla"
130;19,925;0,00146710126978293;"Mohoua_albicilla"
140;19,925;0,000888168742195074;"Mohoua_albicilla"
150;19,925;0,000537688659167403;"Mohoua_albicilla"
160;19,925;0,000325511448964887;"Mohoua_albicilla"
170;19,925;0,000197061443645274;"Mohoua_albicilla"
180;19,925;0,000119299068266409;"Mohoua_albicilla"
190;19,925;7,22224876970473e-05;"Mohoua_albicilla"
200;19,925;4,37227868159206e-05;"Mohoua_albicilla"
210;19,925;2,64693469846872e-05;"Mohoua_albicilla"
220;19,925;1,60242834644898e-05;"Mohoua_albicilla"
230;19,925;9,70094429223618e-06;"Mohoua_albicilla"
240;19,925;5,87285667840413e-06;"Mohoua_albicilla"
250;19,925;3,5553699233877e-06;"Mohoua_albicilla"
260;19,925;2,1523861357987e-06;"Mohoua_albicilla"
270;19,925;1,30303348945591e-06;"Mohoua_albicilla"
280;19,925;7,8884371461238e-07;"Mohoua_albicilla"
290;19,925;4,77558260105269e-07;"Mohoua_albicilla"
300;19,925;2,8910909419724e-07;"Mohoua_albicilla"
0;19,275;1;"Mohoua_ochrocephala"
10;19,275;0,595230386316282;"Mohoua_ochrocephala"
20;19,275;0,35429921279423;"Mohoua_ochrocephala"
30;19,275;0,210889657303064;"Mohoua_ochrocephala"
40;19,275;0,125527932186611;"Mohoua_ochrocephala"
50;19,275;0,0747180395689208;"Mohoua_ochrocephala"
60;19,275;0,044474447557404;"Mohoua_ochrocephala"
70;19,275;0,0264725426007968;"Mohoua_ochrocephala"
80;19,275;0,0157572617590465;"Mohoua_ochrocephala"
90;19,275;0,00937920100412403;"Mohoua_ochrocephala"
100;19,275;0,00558278543702281;"Mohoua_ochrocephala"
110;19,275;0,0033230435324;"Mohoua_ochrocephala"
120;19,275;0,00197797648553628;"Mohoua_ochrocephala"
130;19,275;0,00117735170761028;"Mohoua_ochrocephala"
140;19,275;0,000700795511751001;"Mohoua_ochrocephala"
150;19,275;0,000417134783188265;"Mohoua_ochrocephala"
160;19,275;0,000248291298143109;"Mohoua_ochrocephala"
170;19,275;0,000147790525312694;"Mohoua_ochrocephala"
180;19,275;8,79694114757613e-05;"Mohoua_ochrocephala"
190;19,275;5,23620667767334e-05;"Mohoua_ochrocephala"
200;19,275;3,1167493235834e-05;"Mohoua_ochrocephala"
210;19,275;1,85518390392756e-05;"Mohoua_ochrocephala"
220;19,275;1,10426183182255e-05;"Mohoua_ochrocephala"
230;19,275;6,57290196750061e-06;"Mohoua_ochrocephala"
240;19,275;3,91239097733444e-06;"Mohoua_ochrocephala"
250;19,275;2,32877399285911e-06;"Mohoua_ochrocephala"
260;19,275;1,38615704341284e-06;"Mohoua_ochrocephala"
270;19,275;8,25082792445661e-07;"Mohoua_ochrocephala"
280;19,275;4,91114349290347e-07;"Mohoua_ochrocephala"
290;19,275;2,92326183853563e-07;"Mohoua_ochrocephala"
300;19,275;1,74001427345521e-07;"Mohoua_ochrocephala"
0;35,45;1;"Nestor_meridionalis"
10;35,45;0,754207728364161;"Nestor_meridionalis"
20;35,45;0,568829297524228;"Nestor_meridionalis"
30;35,45;0,429015452312729;"Nestor_meridionalis"
40;35,45;0,323566769721907;"Nestor_meridionalis"
50;35,45;0,244036558366089;"Nestor_meridionalis"
60;35,45;0,184054258323096;"Nestor_meridionalis"
70;35,45;0,138815144065612;"Nestor_meridionalis"
80;35,45;0,104695454468269;"Nestor_meridionalis"
90;35,45;0,0789621208845668;"Nestor_meridionalis"
100;35,45;0,0595538418191654;"Nestor_meridionalis"
110;35,45;0,0449159677537913;"Nestor_meridionalis"
120;35,45;0,0338759700068648;"Nestor_meridionalis"
130;35,45;0,02554951838501;"Nestor_meridionalis"
140;35,45;0,0192696442219567;"Nestor_meridionalis"
150;35,45;0,0145333145950276;"Nestor_meridionalis"
160;35,45;0,0109611381863174;"Nestor_meridionalis"
170;35,45;0,00826697513178814;"Nestor_meridionalis"
180;35,45;0,00623501653458895;"Nestor_meridionalis"
190;35,45;0,00470249765686531;"Nestor_meridionalis"
200;35,45;0,00354666007542218;"Nestor_meridionalis"
210;35,45;0,00267491843876402;"Nestor_meridionalis"
220;35,45;0,00201744415925962;"Nestor_meridionalis"
230;35,45;0,00152157197645674;"Nestor_meridionalis"
240;35,45;0,00114758134390601;"Nestor_meridionalis"
250;35,45;0,00086551471850044;"Nestor_meridionalis"
260;35,45;0,000652777889705963;"Nestor_meridionalis"
270;35,45;0,000492330129321485;"Nestor_meridionalis"
280;35,45;0,000371319188440791;"Nestor_meridionalis"
290;35,45;0,000280051801611952;"Nestor_meridionalis"
300;35,45;0,000211217233118041;"Nestor_meridionalis"
0;34,5;1;"Nestor_notabilis"
10;34,5;0,748372019432507;"Nestor_notabilis"
20;34,5;0,560060679469488;"Nestor_notabilis"
30;34,5;0,419133741699323;"Nestor_notabilis"
40;34,5;0,313667964687825;"Nestor_notabilis"
50;34,5;0,234740328164712;"Nestor_notabilis"
60;34,5;0,175673093430874;"Nestor_notabilis"
70;34,5;0,131468827690819;"Nestor_notabilis"
80;34,5;0,0983875920714024;"Nestor_notabilis"
90;34,5;0,0736305209655771;"Nestor_notabilis"
100;34,5;0,0551030216668765;"Nestor_notabilis"
110;34,5;0,0412375596016735;"Nestor_notabilis"
120;34,5;0,0308610357555728;"Nestor_notabilis"
130;34,5;0,0230955356501768;"Nestor_notabilis"
140;34,5;0,0172840526543982;"Nestor_notabilis"
150;34,5;0,0129349013889498;"Nestor_notabilis"
160;34,5;0,00968011827360869;"Nestor_notabilis"
170;34,5;0,00724432966076605;"Nestor_notabilis"
180;34,5;0,00542145361766229;"Nestor_notabilis"
190;34,5;0,00405726419210959;"Nestor_notabilis"
200;34,5;0,00303634299682026;"Nestor_notabilis"
210;34,5;0,00227231414022012;"Nestor_notabilis"
220;34,5;0,00170053632190157;"Nestor_notabilis"
230;34,5;0,00127263380133981;"Nestor_notabilis"
240;34,5;0,00095240352790674;"Nestor_notabilis"
250;34,5;0,00071275215149421;"Nestor_notabilis"
260;34,5;0,000533403766968586;"Nestor_notabilis"
270;34,5;0,000399184454259187;"Nestor_notabilis"
280;34,5;0,000298738476160011;"Nestor_notabilis"
290;34,5;0,000223567516686057;"Nestor_notabilis"
300;34,5;0,000167311673941855;"Nestor_notabilis"
0;25,2;1;"Notiomystis_cincta"
10;25,2;0,672451427537001;"Notiomystis_cincta"
20;25,2;0,45219092239655;"Notiomystis_cincta"
30;25,2;0,304076431284833;"Notiomystis_cincta"
40;25,2;0,204476630297843;"Notiomystis_cincta"
50;25,2;0,13750060194174;"Notiomystis_cincta"
60;25,2;0,09246247606292;"Notiomystis_cincta"
70;25,2;0,0621765240221163;"Notiomystis_cincta"
80;25,2;0,0418106923379607;"Notiomystis_cincta"
90;25,2;0,028115659748972;"Notiomystis_cincta"
100;25,2;0,0189064155343408;"Notiomystis_cincta"
110;25,2;0,0127136461156752;"Notiomystis_cincta"
120;25,2;0,00854930947968605;"Notiomystis_cincta"
130;25,2;0,0057489953640705;"Notiomystis_cincta"
140;25,2;0,00386592013947281;"Notiomystis_cincta"
150;25,2;0,00259964351653253;"Notiomystis_cincta"
160;25,2;0,00174813399377961;"Notiomystis_cincta"
170;25,2;0,00117553519964306;"Notiomystis_cincta"
180;25,2;0,000790490323119967;"Notiomystis_cincta"
190;25,2;0,000531566346236207;"Notiomystis_cincta"
200;25,2;0,000357452548357165;"Notiomystis_cincta"
210;25,2;0,000240369476419515;"Notiomystis_cincta"
220;25,2;0,000161636797554624;"Notiomystis_cincta"
230;25,2;0,000108692895258116;"Notiomystis_cincta"
240;25,2;7,30906925794498e-05;"Notiomystis_cincta"
250;25,2;4,91499405647191e-05;"Notiomystis_cincta"
260;25,2;3,30509476961041e-05;"Notiomystis_cincta"
270;25,2;2,2225156959696e-05;"Notiomystis_cincta"
280;25,2;1,49453385247815e-05;"Notiomystis_cincta"
290;25,2;1,0050014226013e-05;"Notiomystis_cincta"
300;25,2;6,75814641304963e-06;"Notiomystis_cincta"
0;27,34;1;"Passer_domesticus"
10;27,34;0,693666176633604;"Passer_domesticus"
20;27,34;0,481172764605482;"Passer_domesticus"
30;27,34;0,333773271924106;"Passer_domesticus"
40;27,34;0,231527229398083;"Passer_domesticus"
50;27,34;0,160602608003139;"Passer_domesticus"
60;27,34;0,111404597050923;"Passer_domesticus"
70;27,34;0,077277600895721;"Passer_domesticus"
80;27,34;0,0536048579527523;"Passer_domesticus"
90;27,34;0,0371838768650731;"Passer_domesticus"
100;27,34;0,02579319769741;"Passer_domesticus"
110;27,34;0,0178918688299171;"Passer_domesticus"
120;27,34;0,0124109842440785;"Passer_domesticus"
130;27,34;0,00860907998884984;"Passer_domesticus"
140;27,34;0,00597182760019834;"Passer_domesticus"
150;27,34;0,00414245481894461;"Passer_domesticus"
160;27,34;0,00287348079613475;"Passer_domesticus"
170;27,34;0,00199323643748488;"Passer_domesticus"
180;27,34;0,00138264069871692;"Passer_domesticus"
190;27,34;0,000959091087136981;"Passer_domesticus"
200;27,34;0,000665289047457676;"Passer_domesticus"
210;27,34;0,000461488509906178;"Passer_domesticus"
220;27,34;0,000320118970226958;"Passer_domesticus"
230;27,34;0,00022205570214522;"Passer_domesticus"
240;27,34;0,000154032529906765;"Passer_domesticus"
250;27,34;0,000106847156097627;"Passer_domesticus"
260;27,34;7,41162582544148e-05;"Passer_domesticus"
270;27,34;5,14119414897287e-05;"Passer_domesticus"
280;27,34;3,56627248864907e-05;"Passer_domesticus"
290;27,34;2,4738026020348e-05;"Passer_domesticus"
300;27,34;1,71599319269974e-05;"Passer_domesticus"
0;20,9;1;"Petroica_australis"
10;20,9;0,619731537020974;"Petroica_australis"
20;20,9;0,384067177978379;"Petroica_australis"
30;20,9;0,238018542527849;"Petroica_australis"
40;20,9;0,147507597200276;"Petroica_australis"
50;20,9;0,0914151099351978;"Petroica_australis"
60;20,9;0,0566528265870815;"Petroica_australis"
70;20,9;0,0351095432973947;"Petroica_australis"
80;20,9;0,0217584912317989;"Petroica_australis"
90;20,9;0,0134844232143401;"Petroica_australis"
100;20,9;0,0083567223244643;"Petroica_australis"
110;20,9;0,00517892437059775;"Petroica_australis"
120;20,9;0,00320954276030593;"Petroica_australis"
130;20,9;0,00198905486797893;"Petroica_australis"
140;20,9;0,00123268003055163;"Petroica_australis"
150;20,9;0,000763930689988827;"Petroica_australis"
160;20,9;0,000473431940684269;"Petroica_australis"
170;20,9;0,000293400704275085;"Petroica_australis"
180;20,9;0,000181829669423435;"Petroica_australis"
190;20,9;0,000112685580507801;"Petroica_australis"
200;20,9;6,98348080082001e-05;"Petroica_australis"
210;20,9;4,32788329044865e-05;"Petroica_australis"
220;20,9;2,68212576363713e-05;"Petroica_australis"
230;20,9;1,66219792198239e-05;"Petroica_australis"
240;20,9;1,03011647302322e-05;"Petroica_australis"
250;20,9;6,38395665137304e-06;"Petroica_australis"
260;20,9;3,95633926783069e-06;"Petroica_australis"
270;20,9;2,45186821542915e-06;"Petroica_australis"
280;20,9;1,51950005772078e-06;"Petroica_australis"
290;20,9;9,41682106274758e-07;"Petroica_australis"
300;20,9;5,83590099106805e-07;"Petroica_australis"
0;23,175;1;"Petroica_macrocephala"
10;23,175;0,64953441288028;"Petroica_macrocephala"
20;23,175;0,421894953515731;"Petroica_macrocephala"
30;23,175;0,274035290928993;"Petroica_macrocephala"
40;23,175;0,177995351802041;"Petroica_macrocephala"
50;23,175;0,115614106328157;"Petroica_macrocephala"
60;23,175;0,075095340674538;"Petroica_macrocephala"
70;23,175;0,0487770080150807;"Petroica_macrocephala"
80;23,175;0,0316823452631322;"Petroica_macrocephala"
90;23,175;0,0205787735291589;"Petroica_macrocephala"
100;23,175;0,0133666215820585;"Petroica_macrocephala"
110;23,175;0,00868208070149524;"Petroica_macrocephala"
120;23,175;0,00563931019102493;"Petroica_macrocephala"
130;23,175;0,00366292603397716;"Petroica_macrocephala"
140;23,175;0,00237919651090325;"Petroica_macrocephala"
150;23,175;0,00154537000883635;"Petroica_macrocephala"
160;23,175;0,00100377100137231;"Petroica_macrocephala"
170;23,175;0,000651983808042618;"Petroica_macrocephala"
180;23,175;0,000423485919964411;"Petroica_macrocephala"
190;23,175;0,000275068678387149;"Petroica_macrocephala"
200;23,175;0,000178666572517952;"Petroica_macrocephala"
210;23,175;0,00011605008728178;"Petroica_macrocephala"
220;23,175;7,53785253072761e-05;"Petroica_macrocephala"
230;23,175;4,8960946179243e-05;"Petroica_macrocephala"
240;23,175;3,18018194305976e-05;"Petroica_macrocephala"
250;23,175;2,06563761123779e-05;"Petroica_macrocephala"
260;23,175;1,34170271303876e-05;"Petroica_macrocephala"
270;23,175;8,71482083973513e-06;"Petroica_macrocephala"
280;23,175;5,66057603749419e-06;"Petroica_macrocephala"
290;23,175;3,67673893307798e-06;"Petroica_macrocephala"
300;23,175;2,38816846421087e-06;"Petroica_macrocephala"
0;25,8125;1;"Phasianus_colchicus"
10;25,8125;0,678813267040474;"Phasianus_colchicus"
20;25,8125;0,460787451510162;"Phasianus_colchicus"
30;25,8125;0,312788635370867;"Phasianus_colchicus"
40;25,8125;0,21232507546923;"Phasianus_colchicus"
50;25,8125;0,144129078153883;"Phasianus_colchicus"
60;25,8125;0,0978367304171694;"Phasianus_colchicus"
70;25,8125;0,0664128706110369;"Phasianus_colchicus"
80;25,8125;0,0450819376730143;"Phasianus_colchicus"
90;25,8125;0,0306022173963339;"Phasianus_colchicus"
100;25,8125;0,0207731911694882;"Phasianus_colchicus"
110;25,8125;0,0141011177646166;"Phasianus_colchicus"
120;25,8125;0,00957202581872188;"Phasianus_colchicus"
130;25,8125;0,00649761811820237;"Phasianus_colchicus"
140;25,8125;0,00441066938279833;"Phasianus_colchicus"
150;25,8125;0,00299402089357273;"Phasianus_colchicus"
160;25,8125;0,00203238110435354;"Phasianus_colchicus"
170;25,8125;0,00137960725731756;"Phasianus_colchicus"
180;25,8125;0,000936495709572478;"Phasianus_colchicus"
190;25,8125;0,000635705712184281;"Phasianus_colchicus"
200;25,8125;0,000431525471364103;"Phasianus_colchicus"
210;25,8125;0,000292925215027848;"Phasianus_colchicus"
220;25,8125;0,000198841522211587;"Phasianus_colchicus"
230;25,8125;0,000134976263315748;"Phasianus_colchicus"
240;25,8125;9,16236782742782e-05;"Phasianus_colchicus"
250;25,8125;6,21953683876282e-05;"Phasianus_colchicus"
260;25,8125;4,22190412099917e-05;"Phasianus_colchicus"
270;25,8125;2,86588452950709e-05;"Phasianus_colchicus"
280;25,8125;1,94540044043546e-05;"Phasianus_colchicus"
290;25,8125;1,32056362867397e-05;"Phasianus_colchicus"
300;25,8125;8,96416111115003e-06;"Phasianus_colchicus"
0;NA;NA;"Callaeas_cinereus"
10;NA;NA;"Callaeas_cinereus"
20;NA;NA;"Callaeas_cinereus"
30;NA;NA;"Callaeas_cinereus"
40;NA;NA;"Callaeas_cinereus"
50;NA;NA;"Callaeas_cinereus"
60;NA;NA;"Callaeas_cinereus"
70;NA;NA;"Callaeas_cinereus"
80;NA;NA;"Callaeas_cinereus"
90;NA;NA;"Callaeas_cinereus"
100;NA;NA;"Callaeas_cinereus"
110;NA;NA;"Callaeas_cinereus"
120;NA;NA;"Callaeas_cinereus"
130;NA;NA;"Callaeas_cinereus"
140;NA;NA;"Callaeas_cinereus"
150;NA;NA;"Callaeas_cinereus"
160;NA;NA;"Callaeas_cinereus"
170;NA;NA;"Callaeas_cinereus"
180;NA;NA;"Callaeas_cinereus"
190;NA;NA;"Callaeas_cinereus"
200;NA;NA;"Callaeas_cinereus"
210;NA;NA;"Callaeas_cinereus"
220;NA;NA;"Callaeas_cinereus"
230;NA;NA;"Callaeas_cinereus"
240;NA;NA;"Callaeas_cinereus"
250;NA;NA;"Callaeas_cinereus"
260;NA;NA;"Callaeas_cinereus"
270;NA;NA;"Callaeas_cinereus"
280;NA;NA;"Callaeas_cinereus"
290;NA;NA;"Callaeas_cinereus"
300;NA;NA;"Callaeas_cinereus"
0;42,2;1;"Platycercus_eximius"
10;42,2;0,789017463518225;"Platycercus_eximius"
20;42,2;0,622548557736734;"Platycercus_eximius"
30;42,2;0,491201683942367;"Platycercus_eximius"
40;42,2;0,387566706740087;"Platycercus_eximius"
50;42,2;0,305796899896176;"Platycercus_eximius"
60;42,2;0,241279094307817;"Platycercus_eximius"
70;42,2;0,190373418990729;"Platycercus_eximius"
80;42,2;0,150207952173357;"Platycercus_eximius"
90;42,2;0,118516697424089;"Platycercus_eximius"
100;42,2;0,0935117439861116;"Platycercus_eximius"
110;42,2;0,0737823990490875;"Platycercus_eximius"
120;42,2;0,0582156013500005;"Platycercus_eximius"
130;42,2;0,0459331261143656;"Platycercus_eximius"
140;42,2;0,0362420386582195;"Platycercus_eximius"
150;42,2;0,0285956014148378;"Platycercus_eximius"
160;42,2;0,0225624288961135;"Platycercus_eximius"
170;42,2;0,0178021504184218;"Platycercus_eximius"
180;42,2;0,0140462075683131;"Platycercus_eximius"
190;42,2;0,0110827030676009;"Platycercus_eximius"
200;42,2;0,00874444626332409;"Platycercus_eximius"
210;42,2;0,00689952081055939;"Platycercus_eximius"
220;42,2;0,00544384240943879;"Platycercus_eximius"
230;42,2;0,00429528672968833;"Platycercus_eximius"
240;42,2;0,00338905624054218;"Platycercus_eximius"
250;42,2;0,0026740245586332;"Platycercus_eximius"
260;42,2;0,00210985207463821;"Platycercus_eximius"
270;42,2;0,00166471013232971;"Platycercus_eximius"
280;42,2;0,00131348536610388;"Platycercus_eximius"
290;42,2;0,00103636289193159;"Platycercus_eximius"
300;42,2;0,000817708420276273;"Platycercus_eximius"
0;NA;NA;"Callaeas_cinereus"
10;NA;NA;"Callaeas_cinereus"
20;NA;NA;"Callaeas_cinereus"
30;NA;NA;"Callaeas_cinereus"
40;NA;NA;"Callaeas_cinereus"
50;NA;NA;"Callaeas_cinereus"
60;NA;NA;"Callaeas_cinereus"
70;NA;NA;"Callaeas_cinereus"
80;NA;NA;"Callaeas_cinereus"
90;NA;NA;"Callaeas_cinereus"
100;NA;NA;"Callaeas_cinereus"
110;NA;NA;"Callaeas_cinereus"
120;NA;NA;"Callaeas_cinereus"
130;NA;NA;"Callaeas_cinereus"
140;NA;NA;"Callaeas_cinereus"
150;NA;NA;"Callaeas_cinereus"
160;NA;NA;"Callaeas_cinereus"
170;NA;NA;"Callaeas_cinereus"
180;NA;NA;"Callaeas_cinereus"
190;NA;NA;"Callaeas_cinereus"
200;NA;NA;"Callaeas_cinereus"
210;NA;NA;"Callaeas_cinereus"
220;NA;NA;"Callaeas_cinereus"
230;NA;NA;"Callaeas_cinereus"
240;NA;NA;"Callaeas_cinereus"
250;NA;NA;"Callaeas_cinereus"
260;NA;NA;"Callaeas_cinereus"
270;NA;NA;"Callaeas_cinereus"
280;NA;NA;"Callaeas_cinereus"
290;NA;NA;"Callaeas_cinereus"
300;NA;NA;"Callaeas_cinereus"
0;20,75;1;"Prosthemadera_novaeseelandiae"
10;20,75;0,617591705334556;"Prosthemadera_novaeseelandiae"
20;20,75;0,381419514498045;"Prosthemadera_novaeseelandiae"
30;20,75;0,235561528406726;"Prosthemadera_novaeseelandiae"
40;20,75;0,145480846039924;"Prosthemadera_novaeseelandiae"
50;20,75;0,0898477637993107;"Prosthemadera_novaeseelandiae"
60;20,75;0,0554892336653127;"Prosthemadera_novaeseelandiae"
70;20,75;0,0342696904470681;"Prosthemadera_novaeseelandiae"
80;20,75;0,0211646765644921;"Prosthemadera_novaeseelandiae"
90;20,75;0,013071128692319;"Prosthemadera_novaeseelandiae"
100;20,75;0,00807262065973672;"Prosthemadera_novaeseelandiae"
110;20,75;0,00498558355976577;"Prosthemadera_novaeseelandiae"
120;20,75;0,00307905505276367;"Prosthemadera_novaeseelandiae"
130;20,75;0,00190159886085529;"Prosthemadera_novaeseelandiae"
140;20,75;0,00117441168333787;"Prosthemadera_novaeseelandiae"
150;20,75;0,000725306914277461;"Prosthemadera_novaeseelandiae"
160;20,75;0,000447943534079562;"Prosthemadera_novaeseelandiae"
170;20,75;0,000276646211105784;"Prosthemadera_novaeseelandiae"
180;20,75;0,000170854405291165;"Prosthemadera_novaeseelandiae"
190;20,75;0,000105518263527692;"Prosthemadera_novaeseelandiae"
200;20,75;6,51672043160082e-05;"Prosthemadera_novaeseelandiae"
210;20,75;4,02467248454089e-05;"Prosthemadera_novaeseelandiae"
220;20,75;2,48560434314067e-05;"Prosthemadera_novaeseelandiae"
230;20,75;1,53508862506723e-05;"Prosthemadera_novaeseelandiae"
240;20,75;9,48058001794947e-06;"Prosthemadera_novaeseelandiae"
250;20,75;5,85512758084612e-06;"Prosthemadera_novaeseelandiae"
260;20,75;3,61607822760615e-06;"Prosthemadera_novaeseelandiae"
270;20,75;2,23325991921044e-06;"Prosthemadera_novaeseelandiae"
280;20,75;1,37924280196049e-06;"Prosthemadera_novaeseelandiae"
290;20,75;8,51808914133188e-07;"Prosthemadera_novaeseelandiae"
300;20,75;5,26070119898692e-07;"Prosthemadera_novaeseelandiae"
0;19,96;1;"Rhipidura_fuliginosa"
10;19,96;0,605923217940985;"Rhipidura_fuliginosa"
20;19,96;0,367142946039958;"Rhipidura_fuliginosa"
30;19,96;0,222460435308865;"Rhipidura_fuliginosa"
40;19,96;0,1347939428269;"Rhipidura_fuliginosa"
50;19,96;0,0816747795966282;"Rhipidura_fuliginosa"
60;19,96;0,0494886452778097;"Rhipidura_fuliginosa"
70;19,96;0,0299863191982704;"Rhipidura_fuliginosa"
80;19,96;0,0181694070228215;"Rhipidura_fuliginosa"
90;19,96;0,0110092655713475;"Rhipidura_fuliginosa"
100;19,96;0,0066707696221578;"Rhipidura_fuliginosa"
110;19,96;0,00404197419560082;"Rhipidura_fuliginosa"
120;19,96;0,00244912601143287;"Rhipidura_fuliginosa"
130;19,96;0,00148398231399038;"Rhipidura_fuliginosa"
140;19,96;0,000899179339060558;"Rhipidura_fuliginosa"
150;19,96;0,000544833638629622;"Rhipidura_fuliginosa"
160;19,96;0,000330127351560956;"Rhipidura_fuliginosa"
170;19,96;0,000200031827188149;"Rhipidura_fuliginosa"
180;19,96;0,000121203928420458;"Rhipidura_fuliginosa"
190;19,96;7,34402743356129e-05;"Rhipidura_fuliginosa"
200;19,96;4,44991673519034e-05;"Rhipidura_fuliginosa"
210;19,96;2,69630786775597e-05;"Rhipidura_fuliginosa"
220;19,96;1,63375553979029e-05;"Rhipidura_fuliginosa"
230;19,96;9,89930413998645e-06;"Rhipidura_fuliginosa"
240;19,96;5,9982182198771e-06;"Rhipidura_fuliginosa"
250;19,96;3,63445968570018e-06;"Rhipidura_fuliginosa"
260;19,96;2,20220350823623e-06;"Rhipidura_fuliginosa"
270;19,96;1,33436623627143e-06;"Rhipidura_fuliginosa"
280;19,96;8,08523483793382e-07;"Rhipidura_fuliginosa"
290;19,96;4,89903151080942e-07;"Rhipidura_fuliginosa"
300;19,96;2,96843693782393e-07;"Rhipidura_fuliginosa"
0;19,875;1;"Strigops_habroptila"
10;19,875;0,604626326398117;"Strigops_habroptila"
20;19,875;0,365572994573682;"Strigops_habroptila"
30;19,875;0,221035056739444;"Strigops_habroptila"
40;19,875;0,133643614361569;"Strigops_habroptila"
50;19,875;0,0808044475980022;"Strigops_habroptila"
60;19,875;0,0488564963078092;"Strigops_habroptila"
70;19,875;0,0295399238832738;"Strigops_habroptila"
80;19,875;0,0178606156596238;"Strigops_habroptila"
90;19,875;0,010798998433487;"Strigops_habroptila"
100;19,875;0,00652935875161828;"Strigops_habroptila"
110;19,875;0,00394782219572635;"Strigops_habroptila"
120;19,875;0,00238695723147497;"Strigops_habroptila"
130;19,875;0,00144321718213613;"Strigops_habroptila"
140;19,875;0,000872607103029611;"Strigops_habroptila"
150;19,875;0,000527601227093697;"Strigops_habroptila"
160;19,875;0,0003190015917408;"Strigops_habroptila"
170;19,875;0,000192876760529392;"Strigops_habroptila"
180;19,875;0,000116618367166456;"Strigops_habroptila"
190;19,875;7,05105349304008e-05;"Strigops_habroptila"
200;19,875;4,26325257073342e-05;"Strigops_habroptila"
210;19,875;2,57767474034988e-05;"Strigops_habroptila"
220;19,875;1,55853000890697e-05;"Strigops_habroptila"
230;19,875;9,42328273866643e-06;"Strigops_habroptila"
240;19,875;5,69756482489067e-06;"Strigops_habroptila"
250;19,875;3,44489768948877e-06;"Strigops_habroptila"
260;19,875;2,08287583481296e-06;"Strigops_habroptila"
270;19,875;1,25936156434637e-06;"Strigops_habroptila"
280;19,875;7,61443156257731e-07;"Strigops_habroptila"
290;19,875;4,60388578329099e-07;"Strigops_habroptila"
300;19,875;2,78363054830775e-07;"Strigops_habroptila"
0;38,3730769230769;1;"Sturnus_vulgaris"
10;38,3730769230769;0,770589572480396;"Sturnus_vulgaris"
20;38,3730769230769;0,593808289215519;"Sturnus_vulgaris"
30;38,3730769230769;0,457582475721902;"Sturnus_vulgaris"
40;38,3730769230769;0,352608284341062;"Sturnus_vulgaris"
50;38,3730769230769;0,271716267083425;"Sturnus_vulgaris"
60;38,3730769230769;0,209381722087785;"Sturnus_vulgaris"
70;38,3730769230769;0,161347371708835;"Sturnus_vulgaris"
80;38,3730769230769;0,124332602185947;"Sturnus_vulgaris"
90;38,3730769230769;0,0958094067638441;"Sturnus_vulgaris"
100;38,3730769230769;0,0738297297977509;"Sturnus_vulgaris"
110;38,3730769230769;0,056892419921192;"Sturnus_vulgaris"
120;38,3730769230769;0,0438407055444465;"Sturnus_vulgaris"
130;38,3730769230769;0,033783190542734;"Sturnus_vulgaris"
140;38,3730769230769;0,0260329743573491;"Sturnus_vulgaris"
150;38,3730769230769;0,0200607385804228;"Sturnus_vulgaris"
160;38,3730769230769;0,015458595966329;"Sturnus_vulgaris"
170;38,3730769230769;0,0119122328568406;"Sturnus_vulgaris"
180;38,3730769230769;0,00917944242443973;"Sturnus_vulgaris"
190;38,3730769230769;0,00707358261345742;"Sturnus_vulgaris"
200;38,3730769230769;0,00545082900200891;"Sturnus_vulgaris"
210;38,3730769230769;0,00420035199032179;"Sturnus_vulgaris"
220;38,3730769230769;0,00323674744448925;"Sturnus_vulgaris"
230;38,3730769230769;0,00249420382947598;"Sturnus_vulgaris"
240;38,3730769230769;0,00192200746263487;"Sturnus_vulgaris"
250;38,3730769230769;0,00148107890893593;"Sturnus_vulgaris"
260;38,3730769230769;0,00114130396324667;"Sturnus_vulgaris"
270;38,3730769230769;0,000879476933108433;"Sturnus_vulgaris"
280;38,3730769230769;0,000677715753890397;"Sturnus_vulgaris"
290;38,3730769230769;0,000522240693053631;"Sturnus_vulgaris"
300;38,3730769230769;0,000402433232392062;"Sturnus_vulgaris"
0;44,15;1;"Tadorna_variegata"
10;44,15;0,797318890829909;"Tadorna_variegata"
20;44,15;0,635717413674236;"Tadorna_variegata"
30;44,15;0,506869503152;"Tadorna_variegata"
40;44,15;0,404136630048659;"Tadorna_variegata"
50;44,15;0,322225769614134;"Tadorna_variegata"
60;44,15;0,256916693225555;"Tadorna_variegata"
70;44,15;0,204844532878288;"Tadorna_variegata"
80;44,15;0,163326415747087;"Tadorna_variegata"
90;44,15;0,130223236646692;"Tadorna_variegata"
100;44,15;0,103829446603421;"Tadorna_variegata"
110;44,15;0,0827851792013229;"Tadorna_variegata"
120;44,15;0,066006187257954;"Tadorna_variegata"
130;44,15;0,0526279800124231;"Tadorna_variegata"
140;44,15;0,0419612826501238;"Tadorna_variegata"
150;44,15;0,033456523340397;"Tadorna_variegata"
160;44,15;0,0266755180807903;"Tadorna_variegata"
170;44,15;0,0212688944884889;"Tadorna_variegata"
180;44,15;0,0169580913627403;"Tadorna_variegata"
190;44,15;0,0135210065959324;"Tadorna_variegata"
200;44,15;0,0107805539819727;"Tadorna_variegata"
210;44,15;0,0085955393434384;"Tadorna_variegata"
220;44,15;0,00685338589539515;"Tadorna_variegata"
230;44,15;0,0054643340405458;"Tadorna_variegata"
240;44,15;0,00435681675633209;"Tadorna_variegata"
250;44,15;0,00347377230370786;"Tadorna_variegata"
260;44,15;0,00276970428018801;"Tadorna_variegata"
270;44,15;0,00220833754460635;"Tadorna_variegata"
280;44,15;0,00176074924164358;"Tadorna_variegata"
290;44,15;0,00140387863237686;"Tadorna_variegata"
300;44,15;0,00111933895402653;"Tadorna_variegata"
0;23,1381818181818;1;"Turdus_merula"
10;23,1381818181818;0,649088585801669;"Turdus_merula"
20;23,1381818181818;0,42131599221801;"Turdus_merula"
30;23,1381818181818;0,273471401564415;"Turdus_merula"
40;23,1381818181818;0,177507165298646;"Turdus_merula"
50;23,1381818181818;0,115217874893361;"Turdus_merula"
60;23,1381818181818;0,0747866074736055;"Turdus_merula"
70;23,1381818181818;0,0485431332819471;"Turdus_merula"
80;23,1381818181818;0,0315087937323609;"Turdus_merula"
90;23,1381818181818;0,0204519983640546;"Turdus_merula"
100;23,1381818181818;0,0132751586949423;"Turdus_merula"
110;23,1381818181818;0,00861675398359279;"Turdus_merula"
120;23,1381818181818;0,00559303665741114;"Turdus_merula"
130;23,1381818181818;0,00363037625429589;"Turdus_merula"
140;23,1381818181818;0,00235643578882888;"Turdus_merula"
150;23,1381818181818;0,00152953557370337;"Turdus_merula"
160;23,1381818181818;0,000992804082468468;"Turdus_merula"
170;23,1381818181818;0,000644417797867581;"Turdus_merula"
180;23,1381818181818;0,000418284237083294;"Turdus_merula"
190;23,1381818181818;0,000271503523911525;"Turdus_merula"
200;23,1381818181818;0,000176229838375901;"Turdus_merula"
210;23,1381818181818;0,00011438877656747;"Turdus_merula"
220;23,1381818181818;7,42484492137623e-05;"Turdus_merula"
230;23,1381818181818;4,8193820898128e-05;"Turdus_merula"
240;23,1381818181818;3,12820590511448e-05;"Turdus_merula"
250;23,1381818181818;2,03048274704718e-05;"Turdus_merula"
260;23,1381818181818;1,31796317477555e-05;"Turdus_merula"
270;23,1381818181818;8,55474853253736e-06;"Turdus_merula"
280;23,1381818181818;5,55278962687357e-06;"Turdus_merula"
290;23,1381818181818;3,60425236616154e-06;"Turdus_merula"
300;23,1381818181818;2,33947907122411e-06;"Turdus_merula"
0;30,6916666666667;1;"Turdus_philomelos"
10;30,6916666666667;0,721934155730016;"Turdus_philomelos"
20;30,6916666666667;0,52118892520961;"Turdus_philomelos"
30;30,6916666666667;0,376264086697034;"Turdus_philomelos"
40;30,6916666666667;0,271637895761149;"Turdus_philomelos"
50;30,6916666666667;0,196104674940603;"Turdus_philomelos"
60;30,6916666666667;0,141574662937953;"Turdus_philomelos"
70;30,6916666666667;0,102207584760873;"Turdus_philomelos"
80;30,6916666666667;0,0737871464135447;"Turdus_philomelos"
90;30,6916666666667;0,0532694612497894;"Turdus_philomelos"
100;30,6916666666667;0,0384570435335595;"Turdus_philomelos"
110;30,6916666666667;0,0277634532552727;"Turdus_philomelos"
120;30,6916666666667;0,0200433851859951;"Turdus_philomelos"
130;30,6916666666667;0,0144700043622228;"Turdus_philomelos"
140;30,6916666666667;0,010446390382651;"Turdus_philomelos"
150;30,6916666666667;0,0075416060213253;"Turdus_philomelos"
160;30,6916666666667;0,00544454297585388;"Turdus_philomelos"
170;30,6916666666667;0,00393060153660886;"Turdus_philomelos"
180;30,6916666666667;0,00283763550184282;"Turdus_philomelos"
190;30,6916666666667;0,00204858599029241;"Turdus_philomelos"
200;30,6916666666667;0,00147894419734209;"Turdus_philomelos"
210;30,6916666666667;0,00106770033047997;"Turdus_philomelos"
220;30,6916666666667;0,000770809336657714;"Turdus_philomelos"
230;30,6916666666667;0,0005564735876888;"Turdus_philomelos"
240;30,6916666666667;0,000401737289714167;"Turdus_philomelos"
250;30,6916666666667;0,000290027871075062;"Turdus_philomelos"
260;30,6916666666667;0,000209381026242748;"Turdus_philomelos"
270;30,6916666666667;0,000151159314406443;"Turdus_philomelos"
280;30,6916666666667;0,000109127072026743;"Turdus_philomelos"
290;30,6916666666667;7,87825606109154e-05;"Turdus_philomelos"
300;30,6916666666667;5,68758213808901e-05;"Turdus_philomelos"
0;25,26;1;"Zosterops_lateralis"
10;25,26;0,673085564367433;"Zosterops_lateralis"
20;25,26;0,453044176959826;"Zosterops_lateralis"
30;25,26;0,304937495532383;"Zosterops_lateralis"
40;25,26;0,205249026277206;"Zosterops_lateralis"
50;25,26;0,138150156687659;"Zosterops_lateralis"
60;25,26;0,0929868761815623;"Zosterops_lateralis"
70;25,26;0,0625881240334314;"Zosterops_lateralis"
80;25,26;0,0421271627877411;"Zosterops_lateralis"
90;25,26;0,0283551851401854;"Zosterops_lateralis"
100;25,26;0,0190854657928248;"Zosterops_lateralis"
110;25,26;0,0128461515143788;"Zosterops_lateralis"
120;25,26;0,00864655914200519;"Zosterops_lateralis"
130;25,26;0,00581987413993295;"Zosterops_lateralis"
140;25,26;0,0039172732700242;"Zosterops_lateralis"
150;25,26;0,0026366600897357;"Zosterops_lateralis"
160;25,26;0,00177469784454484;"Zosterops_lateralis"
170;25,26;0,00119452350027713;"Zosterops_lateralis"
180;25,26;0,000804016524334192;"Zosterops_lateralis"
190;25,26;0,000541171916042222;"Zosterops_lateralis"
200;25,26;0,000364255004529084;"Zosterops_lateralis"
210;25,26;0,00024517478529712;"Zosterops_lateralis"
220;25,26;0,000165023608730376;"Zosterops_lateralis"
230;25,26;0,000111075008816236;"Zosterops_lateralis"
240;25,26;7,47629849961936e-05;"Zosterops_lateralis"
250;25,26;5,03218859499569e-05;"Zosterops_lateralis"
260;25,26;3,38709350046603e-05;"Zosterops_lateralis"
270;25,26;2,27980374032644e-05;"Zosterops_lateralis"
280;25,26;1,53450298720461e-05;"Zosterops_lateralis"
290;25,26;1,03285180916613e-05;"Zosterops_lateralis"
300;25,26;6,95197642880506e-06;"Zosterops_lateralis"
